title,date,domain,source,source_domain,url,body_excerpt,concepts,categories,sentiment,verticals,signal_type_guess
Council Teams Come Together for Denbigh and Flint Show,2026-08-18,Sustainability,Business News Wales,businessnewswales.com,https://businessnewswales.com/council-teams-come-together-for-denbigh-and-flint-show/,"Denbighshire County Council teams are making final preparations to bring a range of service areas to this year's Denbigh and Flint Show, taking place at The Green, Denbigh, on Thursday 20 August 2026.

Visitors to the Council stand will be able to meet staff from a number of teams and find out more ...","Electric vehicle; Denbigh; Flint, Flintshire; Recycling; Denbighshire; Effects of climate change; Denbighshire County Council; Greenhouse gas emissions","dmoz/Business/Environment/Waste Management; dmoz/Society/Issues/Environment; dmoz/Science/Environment/Climate Change; dmoz/Science/Environment/Carbon Cycle; dmoz/Business/Automotive/Electric Vehicles; news/Business; iptc/economy, business and finance; iptc/environment",0.4901960784313726,,unclassified
Onshore Wind,2026-08-18,Sustainability,No2NuclearPower,no2nuclearpower.org.uk,https://www.no2nuclearpower.org.uk/news/onshore-wind-18-8-26/,"Calls to protect Welsh peatlands amid surge in renewable energy developments. Campaigners are calling for greater protection for Wales' peatlands amid claims that dozens of proposed renewable energy developments could threaten more than a third of the country's peat resource. A Senedd petition, ...",Peat; Renewable energy; Wales; Cambrian Mountains; Senedd; West Wales; Friends of the Earth; Wind farm,"dmoz/Science/Technology/Energy; dmoz/Business/Energy/Consulting; dmoz/Business/Energy/Renewable; dmoz/Home/Home Improvement/Energy Efficiency; dmoz/Society/Lifestyle Choices/Intentional Communities; news/Environment; iptc/environment; iptc/science and technology/natural science; iptc/economy, business and finance/products and services/energy and resource",0.1843137254901961,Energy,unclassified
Nuclear Waste,2026-08-18,Sustainability,No2NuclearPower,no2nuclearpower.org.uk,https://www.no2nuclearpower.org.uk/news/nuclear-waste-18-8-26/,Special investigation: UK's nuclear waste a 'calamity for future generations'. Plans to dispose of high-level nuclear waste over the long term remain uncertain. Plans to deal with nuclear waste must be considered by the new energy secretary Miatta Fahnbullaeh. Britain is planning a new fleet of ...,Radioactive waste; Copeland (UK Parliament constituency); Sellafield; United Kingdom; Miatta Fahnbulleh (economist); High-level radioactive waste management; Nuclear Decommissioning Authority; Deep geological repository,"dmoz/Business/Environment/Waste Management; dmoz/Science/Technology/Energy; dmoz/Society/Issues/Environment; dmoz/Science/Physics/Nuclear; dmoz/Business/Energy/Consulting; news/Business; iptc/environment; iptc/economy, business and finance/products and services/energy and resource",-0.2705882352941177,Energy,unclassified
Climate Policy,2026-08-18,Sustainability,No2NuclearPower,no2nuclearpower.org.uk,https://www.no2nuclearpower.org.uk/news/climate-policy-18-8-26/,"Reform's Tice accused of misinformation after urging people to enjoy heatwaves. Nurses, medical experts and green campaigners reject party deputy leader's dismissal of efforts to reach net zero. Richard Tice prompted a backlash from nurses, medical experts and green campaigners on Monday after he ...",Carbon neutrality; Heat wave; Sadiq Khan; Nursing; Climate change; Andy Burnham; English language; Wine,"dmoz/Society/Issues; dmoz/Science/Earth Sciences/Atmospheric Sciences; dmoz/Science/Environment/Climate Change; dmoz/Society/Politics/Green; dmoz/Science/Earth Sciences/Paleogeography and Paleoclimatology; news/Environment; iptc/economy, business and finance; iptc/environment; iptc/science and technology/natural science/meteorology",-0.05882352941176472,Healthcare,regulation
Richard Tice Dubbed 'Tone-Deaf' After Encouraging Brits To Enjoy Heatwaves Amid Climate Change Crisis,2026-08-18,Sustainability,HuffPost UK,huffingtonpost.co.uk,https://www.huffingtonpost.co.uk/entry/richard-tice-heatwaves-climate-change_uk_6a840b27e4b0b3bc96f8158a,"More than 2,800 people died in May and June due to the soaring temperatures.

Richard Tice is in the spotlight after urging Brits to enjoy the recent heatwaves despite growing fears over the climate crisis.

Reform's deputy leader told a press conference he thought it was ""arrogant"" for anyone to ...",Richard Tice; Heat wave; Climate change; Köppen climate classification; Reform Judaism; Wine; United Kingdom; Member of parliament,"dmoz/Society/Issues; dmoz/Society/Politics; dmoz/Science/Environment/Climate Change; dmoz/Science/Earth Sciences/Paleogeography and Paleoclimatology; dmoz/Sports/Disabled/Deaf; news/Politics; iptc/economy, business and finance; iptc/environment; iptc/science and technology/natural science/meteorology",-0.1137254901960785,,unclassified
Malaga beaches closed after wet wipes forced sewage into sea,2026-08-18,Sustainability,Olive Press News Spain,theolivepress.es,https://www.theolivepress.es/spain-news/2026/08/18/malaga-beaches-closed-sewage/,"MALAGA'S town hall has confirmed sewage was deliberately released into the sea during Saturday's storm to stop it flooding people's homes.

The admission follows the closure of six Malaga beaches for swimming at the weekend after E. coli was found in the water.

Malaga's sustainability councillor, ...",Wet wipe; Sewage; Beach; Málaga; Town hall; Sanitary sewer; Diario Sur; Valve,"dmoz/Science/Environment/Water Resources; dmoz/Business/Energy/Utilities; dmoz/Science/Earth Sciences/Atmospheric Sciences; dmoz/Business/Construction and Maintenance/Trenchless Technology; dmoz/Shopping/Tobacco/Pipes; news/Environment; iptc/environment; iptc/disaster, accident and emergency incident/disaster/natural disaster",-0.09019607843137256,,unclassified
Why the sustainable side of AI and cloud computing matters more than ever,2026-08-18,Sustainability,Computing,computing.co.uk,https://www.computing.co.uk/news-network/2026/why-the-sustainable-side-of-ai-and-cloud-computing-matters-more-than-ever,"'Tech companies are getting away with it because nobody is really challenging them'

With the AI market predicted by analysts to reach up to $3.5tn by 2033, a lot more infrastructure will be built to cope with demand. But what about the human cost of AI and cloud computing, and more importantly what ...",Cloud computing; Sustainability; Ecosystem; Artificial intelligence; Microsoft; Google; Mark Butcher; OECD,"dmoz/Science/Environment; dmoz/Science/Technology/Energy; dmoz/Society/Issues/Business; dmoz/Society/Issues/Environment; dmoz/Computers/Internet/Cloud Computing; news/Technology; iptc/science and technology; iptc/economy, business and finance/products and services/computing and information technology; iptc/environment",-0.04313725490196074,,unclassified
Giles Fraser mixes God and gardening at Kew Gardens,2026-08-18,Sustainability,Christian Today,christiantoday.com,https://www.christiantoday.com/news/giles-fraser-mixes-god-and-gardening-at-kew-gardens,"Giles Fraser has been working on a new project that aims to combine the Gospel with the English love of gardening.

The Christian broadcaster is also the vicar of St Anne's Church, located not far from Kew Gardens in west London.

In 2024 the church launched a new charity called Kew Theology & ...","Kew Gardens; Giles Fraser; Gardening; Saint Anne; Theology; Charitable organization; St Anne's Church, Kew; Vicar",dmoz/Society; dmoz/Science/Environment/Climate Change; dmoz/Shopping/Home and Garden/Garden Shops; dmoz/Science/Science in Society/Science and Religion; dmoz/Science/Environment/Research Groups and Centers; news/Environment; iptc/environment; iptc/religion,0.3725490196078431,,unclassified
LFP or NMC: How is my electric car's battery made - and do I care?,2026-08-18,Sustainability,Autocar,autocar.co.uk,https://www.autocar.co.uk/car-news/technology/lfp-or-nmc-how-my-electric-cars-battery-made-and-do-i-care,"Behind the acronyms lies a simple truth: all EV batteries work the same - but there are key differences

By far the most most important part of any electric car is the battery. It's also one of the youngest technologies because, while first conceived in the 1800s, the first commercial lithium ion ...",Electric battery; Lithium-ion battery; Electric car; Lithium nickel manganese cobalt oxides; Lithium iron phosphate battery; Cathode; Electric vehicle; Anode,"dmoz/Science/Technology/Energy; dmoz/Business/Electronics and Electrical/Power Supplies; dmoz/Shopping/Consumer Electronics/Accessories; dmoz/Science/Environment/Carbon Cycle; dmoz/Business/Materials/Carbon; news/Technology; iptc/environment; iptc/economy, business and finance/products and services/manufacturing and engineering; iptc/economy, business and finance/products and services/chemicals",0.1215686274509804,Automotive,unclassified
Disclosure of Transactions in Own Shares,2026-08-18,Sustainability,wallstreet:online,wallstreet-online.de,https://www.wallstreet-online.de/nachricht/21254568-totalenergies-se-disclosure-of-transactions-own-shares,"TotalEnergies is a global integrated energy company that produces and markets energies: oil and biofuels, natural gas, biogas and low-carbon hydrogen, renewables and electricity. Our more than 100,000 employees are committed to provide as many people as possible with energy that is more reliable, ...",TotalEnergies; Carbon neutrality; Petroleum; Natural gas; Independent politician; Biogas; Hydrogen; Low-carbon economy,"dmoz/Business/Energy/Oil and Gas; dmoz/Society/Issues/Business; dmoz/Science/Environment/Climate Change; dmoz/Science/Environment/Carbon Cycle; dmoz/Business/Financial Services/Information Services; news/Business; iptc/environment; iptc/economy, business and finance/products and services/energy and resource",0.3411764705882352,Energy,unclassified
Lidl Romania Introduces Mystery Bags To Tackle Waste,2026-08-18,Sustainability,esmmagazine.com,esmmagazine.com,https://www.esmmagazine.com/retail/lidl-romania-introduces-mystery-bags-to-tackle-waste-319429,"In a bid to cut food waste, Lidl Romania is selling mystery bags of discounted fruit and vegetables for just RON 5 (€1) to shoppers who don't mind ugly food.

The Anti-Waste bags contain 2kg of mixed produce that has minor cosmetic imperfections. Common allergens, such as celery, will not be ...",Lidl; Romanian leu; Romania; Food loss and waste; Bell pepper; Celery; Allergen; Onion,"dmoz/Business/Environment/Waste Management; dmoz/Science/Technology/Food Science; dmoz/Business/Food and Related Products/Consulting; dmoz/Society/Philanthropy/Hunger Relief; dmoz/Business/Customer Service/Mystery Shopping; news/Business; iptc/environment; iptc/economy, business and finance/products and services/consumer goods",-0.1058823529411764,,unclassified
David Willetts: It's not just the country but the debate that's been hotting up in the current climate,2026-08-18,Sustainability,Conservative Home,conservativehome.com,https://conservativehome.com/2026/08/18/david-willetts-its-not-just-the-country-but-the-debate-thats-been-hotting-up-in-the-current-climate/,"David Willetts is President of the Resolution Foundation and is a member of the House of Lords.

The recent heatwaves have brought home the reality of climate change. Wildfires, failing infrastructure and the yellowing of our green and pleasant land mean there is little room for denying that the ...",David Willetts; Carbon neutrality; Conservative Party (UK); Climate change; Heat wave; Rishi Sunak; Resolution Foundation; House of Lords,"dmoz/Society/Issues/Economic; dmoz/Society/Politics/Conservatism; dmoz/Society/Issues/Environment; dmoz/Science/Environment/Climate Change; dmoz/Science/Environment/Carbon Cycle; iptc/economy, business and finance; iptc/environment; iptc/science and technology/natural science/meteorology",0.03529411764705892,,unclassified
Politicians say UK's tax policy drove BP to abandon West of Shetland assets in favour of 'drilling deals with dictatorships' in South America,2026-08-18,Sustainability,The Shetland Times,shetlandtimes.co.uk,https://www.shetlandtimes.co.uk/news/politicians-say-uk-s-tax-policy-drove-bp-to-abandon-west-of-442733/,"Politicians have blamed BP's departure from the West of Shetland in favour of more lucrative deals in South America on the UK's oil and gas taxation policy.

The energy giant announced it would develop an offshore gas field in Venezuela, following its recent decision to sell-off its North Sea assets ...",North Sea; Fossil fuel; BP; Venezuela; Windfall tax; Member of parliament; Government of the United Kingdom; Shetland,"dmoz/Business/Energy/Oil and Gas; dmoz/Society/Issues; dmoz/Science/Technology/Energy; dmoz/Business/Energy/Consulting; dmoz/Business/Financial Services/Offshore Services; news/Politics; iptc/politics and government; iptc/environment; iptc/economy, business and finance/products and services/energy and resource",0.1215686274509804,Energy,regulation
Swinney urged to come clean on whether SNP Gov supports Rosebank and Jackdaw,2026-08-18,Sustainability,Daily Record,dailyrecord.co.uk,https://www.dailyrecord.co.uk/news/politics/john-swinney-urged-come-clean-37560812,"Thousands of jobs depend on Scotland's North Sea oil and gas industry(Image: Andrew Milligan/PA Wire)

John Swinney has been urged to come off the fence and publicly declare whether the SNP Government supports the controversial development of the Rosebank and Jackdaw oil and gas fields.

The First ...","Rosebank, Staten Island; John Swinney; Scottish National Party; Scottish Government; Fossil fuel; Scotland; White House; Andy Burnham","dmoz/Business/Energy/Oil and Gas; dmoz/Society/Issues; dmoz/Science/Technology/Energy; dmoz/Business/Energy/Consulting; dmoz/Science/Environment/Climate Change; news/Politics; iptc/environment; iptc/science and technology/natural science; iptc/economy, business and finance/products and services/energy and resource",0.05098039215686279,Finance/Banking/Insurance; Public/Gov,unclassified
Catawba's solar racing team goes the distance,2026-08-17,Sustainability,Salisbury Post,salisburypost.com,https://www.salisburypost.com/2026/08/17/catawbas-solar-racing-team-goes-the-distance/,"SALISBURY -- Catawba College arrived in Minnesota this summer ready to race a solar-powered car. By the time the team reached Amarillo, Texas, nearly two weeks later, its students had accomplished something bigger.

Catawba College's solar racing team was presented with the Dr. James Hill ...","École de technologie supérieure; Catawba College; Minnesota; Formula Sun Grand Prix; American Solar Challenge; U.S. Route 66; Amarillo, Texas; Appalachian State University",dmoz/Society/Issues; dmoz/Science/Technology; dmoz/Sports/Motorsports; dmoz/Sports/Adventure Racing/Teams; dmoz/Recreation/Camps/Academic; news/Technology; iptc/sport; iptc/environment,0.4901960784313726,Energy,unclassified
Carbon Capture's Biggest Problem Isn't Capturing Carbon,2026-08-17,Sustainability,OilPrice.com,oilprice.com,https://oilprice.com/Energy/Energy-General/Carbon-Captures-Biggest-Problem-Isnt-Capturing-Carbon.html,"Projects such as Northern Lights and the UK clusters show that bankable contracts and shared networks can convert technically feasible capture into investable industrial systems.

Carbon capture is still debated as if technical performance were the decisive question. Can a solvent remove carbon ...",Carbon capture and storage; Cement; Pipeline transport; Tonne; Carbon dioxide; Plant; Carbon; United Kingdom,"dmoz/Business/Energy; dmoz/Business/Environment; dmoz/Science/Technology/Energy; dmoz/Business/Construction and Maintenance; dmoz/Science/Environment/Carbon Cycle; news/Business; iptc/economy, business and finance; iptc/environment",-0.05882352941176472,Manufacturing; Finance/Banking/Insurance,unclassified
Richard Tice blasted over 'insulting' heatwave comment as he says Brits should celebrate - AOL,2026-08-17,Sustainability,AOL.com,aol.co.uk,https://www.aol.co.uk/articles/richard-tice-blasted-over-insulting-171852000.html,"Nigel Farage's number two has been blasted after dismissing the misery caused by the heatwave - which claimed hundreds of lives - and said Brits should enjoy sparkling wine instead.

Richard Tice's remarks were branded an insult to those affected after he hit out at the ""doom and gloom"" around ...",Richard Tice; Heat wave; Climate change; Reform UK; Sparkling wine; Nigel Farage; Wildfire; Extreme weather,"dmoz/Society/Issues/Environment; dmoz/Science/Earth Sciences/Atmospheric Sciences; dmoz/Science/Environment/Climate Change; dmoz/Science/Environment/Carbon Cycle; dmoz/Science/Earth Sciences/Paleogeography and Paleoclimatology; news/Environment; iptc/environment; iptc/science and technology/natural science/meteorology; iptc/disaster, accident and emergency incident/disaster",-0.1843137254901961,,unclassified
Tice blasted for 'insulting' heatwave comment as he says Brits should celebrate,2026-08-17,Sustainability,Mirror,mirror.co.uk,https://www.mirror.co.uk/news/politics/richard-tice-heatwave-wildfires-weather-37562011,"Nigel Farage's number two, Richard Tice, was blasted after claiming Brits should celebrate soaring temperatures as they make sparkling wine better - despite hundreds of people dying and homes being burned in wildfires

Nigel Farage's number two has been blasted after dismissing the misery caused by ...",Richard Tice; Sparkling wine; Heat wave; Climate change; Nigel Farage; Wildfire; Reform UK; Extreme weather,"dmoz/Society/Issues/Environment; dmoz/Science/Earth Sciences/Atmospheric Sciences; dmoz/Science/Environment/Climate Change; dmoz/Science/Environment/Carbon Cycle; dmoz/Science/Earth Sciences/Paleogeography and Paleoclimatology; news/Environment; iptc/environment; iptc/science and technology/natural science/meteorology; iptc/disaster, accident and emergency incident/disaster",-0.05882352941176472,,unclassified
Texas Body Shop Introduces Eco-Friendly Practices in Auto Body Repair,2026-08-17,Sustainability,WBOC TV-16,wboc.com,https://www.wboc.com/online_features/press_releases/texas-body-shop-introduces-eco-friendly-practices-in-auto-body-repair/article_a9cb1dda-119c-54b5-b5bc-f98de77324c1.html,"August 17, 2026 - PRESSADVANTAGE -

Texas Body Shop is expanding its approach to vehicle repair by incorporating environmentally conscious practices into its auto body operations. The Canyon-based business, owned by industry veteran Roberto Jimenez, has introduced a range of measures focused on ...",Texas; Environmental issues; Automobile repair shop; Paint; Paintless dent repair; Volatile organic compound; Recycling; Dangerous goods,dmoz/Science/Environment; dmoz/Business/Environment; dmoz/Recreation/Autos/Repair; dmoz/Shopping/Tools/Vehicle Repair; dmoz/Business/Automotive/Related Services; news/Business; iptc/environment,0.1058823529411765,Automotive,unclassified
"'More drilling means more heatwaves, droughts, wildfires, and suffering'",2026-08-17,Sustainability,Morning Star,morningstaronline.co.uk,https://morningstaronline.co.uk/article/more-drilling-means-more-heatwaves-droughts-wildfires-and-suffering,"PRIME MINISTER Andy Burnham was urged to stand up to profiteering fossil fuel giants and reject plans to drill Britain's largest untapped oil field as consultations on them drew to a close today.

Labour faces a key environmental test as the final decision over the future of the Rosebank oil field, ...","Rosebank, Staten Island; Andy Burnham; Petroleum reservoir; Drought; Wildfire; Pragmatism; Greenpeace; Heat wave","dmoz/Business/Energy/Oil and Gas; dmoz/Society/Issues; dmoz/Science/Technology/Energy; dmoz/Business/Energy/Consulting; dmoz/Business/Mining and Drilling/Water Wells and Pumps; news/Politics; iptc/environment; iptc/science and technology/natural science/meteorology; iptc/economy, business and finance/products and services/energy and resource",-0.2705882352941177,Finance/Banking/Insurance,unclassified
New plans for third Northumberland data centre that could take 2 years to build,2026-08-17,Sustainability,Chronicle Live,chroniclelive.co.uk,https://www.chroniclelive.co.uk/news/north-east-news/new-plans-third-northumberland-data-34473458,"The new proposals would see a third data centre built between the one under construction at Cambois and one seeking planning permission at West Sleekburn

Early stage proposals for a third data centre in South East Northumberland have been submitted to Northumberland County Council. The plans would ...",Data center; Cambois; Northumberland; Construction aggregate; Choppington; Wansbeck (UK Parliament constituency); Northumberland County Council; Planning permission,"dmoz/Science/Environment; dmoz/Science/Technology; dmoz/Business/Industrial Goods and Services/Engineering; dmoz/Business/Environment/Engineering; dmoz/Computers/Internet/Cloud Computing; news/Business; iptc/economy, business and finance/economy; iptc/economy, business and finance/products and services/construction and property; iptc/environment",0.06666666666666665,Transportation & Construction,unclassified
Scotland is burning and we can no longer pretend this is normal,2026-08-17,Sustainability,The Herald,heraldscotland.com,https://www.heraldscotland.com/opinion/26472189.andy-burnham-must-block-new-north-sea-oil-fields/,"I was 50 miles away in Aberdeen when it took hold and saw the yellowy smoke shrouding the Dee Valley. You could smell it, even taste it. The sheer scale of it, creeping across the landscape like a blanket of smog, underlined how much of the Highlands must be on fire. In Nethy Bridge, it left local ...",Greenhouse gas emissions; Wildfire; Andy Burnham; Scientific consensus on climate change; RSPB Minsmere; West Midlands (region); New Forest; North Sea oil,"dmoz/Business/Energy/Oil and Gas; dmoz/Society/Issues/Environment; dmoz/Business/Energy/Consulting; dmoz/Science/Environment/Climate Change; dmoz/Science/Environment/Carbon Cycle; news/Environment; iptc/environment; iptc/science and technology/natural science; iptc/economy, business and finance/products and services/energy and resource",-0.2549019607843137,,unclassified
Scientists and industry clash over GHG Protocol forest carbon rules - edie,2026-08-17,Sustainability,edie.net,edie.net,https://www.edie.net/scientists-and-industry-clash-over-ghg-protocol-forest-carbon-rules/,"Join our growing army of changemakers and get access to our free content

Technical director of land-related issues at the World Resources Institute (WRI), Tim Searchinger, told non-profit news platform SourceMaterial that he would be leaving his role at the WRI this month.

Along with the World ...",World Resources Institute; World Business Council for Sustainable Development; Greenhouse gas; Carbon; Energy policy; Public university; Princeton University; International relations,dmoz/Society/Issues; dmoz/Science/Earth Sciences; dmoz/Science/Agriculture/Forestry; dmoz/Science/Environment/Carbon Cycle; dmoz/Science/Environment/Forests and Rainforests; news/Technology; iptc/politics and government; iptc/environment; iptc/science and technology/natural science,0.0980392156862746,,unclassified
'Labour are destroying UK farming - Andy Burnham offers only smoke and mirrors',2026-08-17,Sustainability,EXPRESS,express.co.uk,https://www.express.co.uk/news/politics/2239828/labour-are-destroying-uk-farming,"Andy Burnham's government is presiding over the collapse of British farming, writes Esther McVey (Image: Tim Merry; PA; Getty)

This government is presiding over the collapse of British farming. Seventy-nine years ago, in the shadow of the Second World War, the British government passed the ...",Andy Burnham; Agriculture; United Kingdom; Labour Party (UK); Food security; World War II; Esther McVey; Blockade,"dmoz/Society/Issues/Economic; dmoz/Society/Issues/Warfare and Conflict; dmoz/Science/Agriculture/Sustainable Agriculture; dmoz/Society/Issues/Government Operations; dmoz/Business/Agriculture and Forestry/Trade Shows; iptc/economy, business and finance; iptc/politics and government; iptc/environment",-0.2156862745098039,Public/Gov,unclassified
In pictures: Normanton hosts Northern Green Gathering,2026-08-17,Sustainability,Wakefield Express On-Line,wakefieldexpress.co.uk,https://www.wakefieldexpress.co.uk/whats-on/things-to-do/in-pictures-normanton-hosts-northern-green-gathering-8925796,"The Northern Green Gathering ran from Thursday, August 13 to Sunday, August 16 at Newland Park.

The volunteer-run festival brought live music, workshops, crafts and environmental.

It is an eco-friendly, community-focused festival that celebrates sustainability and green living.

The programme ...","Newland, Kingston upon Hull; Normanton, West Yorkshire; Sustainable living; Sustainability; Environmentally friendly; Handicraft; Permaculture; Camping","dmoz/Arts/Music/Concerts and Events; dmoz/Arts/Music/Education; dmoz/Science/Environment/Sustainability; dmoz/Arts/Music/Clubs and Venues; dmoz/Arts/Genres/Environment and Nature; iptc/environment; iptc/arts, culture, entertainment and media/arts and entertainment/music; iptc/arts, culture, entertainment and media/culture/festive event (culture)",0.3176470588235294,,unclassified
South Yorkshire Mayor objecting to Rotherham and Doncaster solar farm,2026-08-17,Sustainability,The Star,thestar.co.uk,https://www.thestar.co.uk/news/politics/south-yorkshire-mayor-objecting-to-rotherham-and-doncaster-solar-farm-8925792,"""It doesn't offer any community benefit worth its name.""

The South Yorkshire mayor has joined Rotherham and Doncaster residents and local politicians in opposing the plans for a new solar farm.

South Yorkshire Mayor Oliver Coppard has voiced his objections for the new Whitestone solar farm in ...",Photovoltaic power station; Mayor; Doncaster; Rotherham; South Yorkshire; Conisbrough; Brampton-en-le-Morthen; Oliver Coppard,"dmoz/Society/Issues; dmoz/Science/Technology/Energy; dmoz/Business/Energy/Consulting; dmoz/Business/Energy/Renewable; dmoz/Home/Home Improvement/Energy Efficiency; news/Business; iptc/economy, business and finance; iptc/environment",0.1843137254901961,Energy,unclassified
Reform deputy branded 'out of touch' after telling people to 'enjoy' climate change,2026-08-17,Sustainability,The Independent,independent.co.uk,https://www.independent.co.uk/news/uk/politics/richard-tice-reform-enjoy-climate-change-greenpeace-b3034342.html,"Richard Tice has been accused of people ""completely out of touch with the public"" after telling people concerned about global warming to stop being ""doom and gloom"", as it could see an improvement in English wine.

The Reform UK deputy leader acknowledged climate change is ""real"", but said there was ...",Climate change; Wine; England; Reform UK; Richard Tice; Reform Judaism; Heat wave; Carbon neutrality,"dmoz/Society/Issues; dmoz/Science/Earth Sciences/Atmospheric Sciences; dmoz/Science/Environment/Climate Change; dmoz/Science/Earth Sciences/Paleogeography and Paleoclimatology; dmoz/Science/Anomalies and Alternative Science/Weather Control; news/Environment; iptc/environment; iptc/science and technology/natural science/meteorology; iptc/disaster, accident and emergency incident/disaster",-0.2,,unclassified
Mayor warns government its Heathrow expansion case has made huge error,2026-08-17,Sustainability,getwestlondon,mylondon.news,https://www.mylondon.news/news/transport/sadiq-khan-issues-heathrow-expansion-34471498,"The Mayor and TfL say air pollution progress will be wiped out by an expanded airport

The government's case to move forward with expanding Heathrow Airport has not been ""sufficiently made"" and heavily relies on outdated evidence from 2015, the Mayor of London has said.

Ministers are currently ...",Heathrow Airport; Transport for London; Air pollution; Sadiq Khan; Mayor; Airport; London; Expansion of Heathrow Airport,"dmoz/Society/Issues/Transportation; dmoz/Business/Transportation and Logistics/Aviation; dmoz/Society/Issues/Environment; dmoz/Science/Environment/Air Quality; dmoz/Science/Environment/Carbon Cycle; news/Environment; iptc/economy, business and finance/products and services/transport; iptc/environment",0.05098039215686279,Public/Gov,unclassified
Covia's GHG Emissions Strategy,2026-08-17,Sustainability,wallstreet:online,wallstreet-online.de,https://www.wallstreet-online.de/nachricht/21253098-covia-s-ghg-emissions-strategy,"NORTHAMPTON, MA / ACCESS Newswire / August 17, 2026 / Covia is committed to reducing greenhouse gas (GHG) emissions and increasing energy efficiency across our operations. In recent years, we have integrated data-driven analysis into our strategy, utilizing comprehensive GHG emissions assessments to ...","Greenhouse gas emissions; Greenhouse gas; Efficient energy use; Northampton, Massachusetts; Supply chain; Climate change mitigation","dmoz/Science/Environment/Climate Change; dmoz/Science/Environment/Carbon Cycle; dmoz/Business/Management/Supply Chain; dmoz/Science/Environment/Impact Assessment; dmoz/Business/Energy/Marketplaces; iptc/economy, business and finance; iptc/environment; iptc/science and technology/natural science/meteorology",0.3568627450980393,Energy,unclassified
Reform's Tice says people should stop tackling climate crisis and 'enjoy' heat - AOL,2026-08-17,Sustainability,AOL.com,aol.co.uk,https://www.aol.co.uk/articles/reform-tice-says-people-stop-145121000.html,"Reform's deputy leader has dismissed efforts to tackle climate breakdown as futile, as he urged British people to ""enjoy"" the warmth of the recent heatwaves.

Richard Tice told a press conference on Monday he believed it was ""arrogant"" to try to stop the climate emergency and added that politicians ...",Climate crisis; Reform Judaism; Heat wave; Wine; Climate change; Wildfire; England; United Kingdom,"dmoz/Society/Issues; dmoz/Science/Earth Sciences/Atmospheric Sciences; dmoz/Science/Environment/Climate Change; dmoz/Science/Earth Sciences/Paleogeography and Paleoclimatology; dmoz/Science/Earth Sciences/Quaternary Studies; news/Environment; iptc/economy, business and finance; iptc/environment; iptc/science and technology/natural science/meteorology",-0.1843137254901961,,unclassified
"Natural History Museum's ""living laboratory"" logs 11 million enviro...",2026-08-17,Sustainability,Computer Weekly,computerweekly.com,https://www.computerweekly.com/news/366648981/Natural-History-Museums-living-laboratory-logs-11-million-environmental-records-in-first-year,"The Natural History Museum's (NHM's) ""living laboratory"" garden has collected more than 11 million environmental data records in its first year, feeding readings from more than 50 sensors into the Museum's Amazon Web Services (AWS)-powered Data Ecosystem.

The sensors in the Nature Discovery Garden ...","Internet of things; Natural History Museum, London; Amazon Web Services; Sensor; Underwater acoustics; Humidity; Temperature; Soil moisture",dmoz/Science/Environment; dmoz/Science/Earth Sciences; dmoz/Business/Electronics and Electrical/Instrumentation; dmoz/Computers/Artificial Intelligence/Machine Learning; dmoz/Computers/Internet/Cloud Computing; news/Technology; iptc/environment,0.2313725490196079,,unclassified
Richard Tice tells people not to be so 'doom and gloom' about global warming as it could improve English wine | LBC,2026-08-17,Sustainability,LBC,lbc.co.uk,https://www.lbc.co.uk/article/richard-tice-global-warming-climate-change-reform-wine-5HjdgCT_2/,"Want LBC stories before everyone else? Set us as your Preferred Source on Google

Richard Tice has urged people concerned about global warming to stop being ""doom and gloom"", as it could see an improvement in English wine.

The Reform UK deputy leader acknowledged climate change is ""real"", but said ...",Richard Tice; Climate change; Wine; England; Reform UK; Carbon neutrality; Sparkling wine; Reservoir,"dmoz/Society/Issues/Warfare and Conflict; dmoz/Society/Issues/Business; dmoz/Society/Issues/Environment; dmoz/Science/Environment/Climate Change; dmoz/Science/Earth Sciences/Paleogeography and Paleoclimatology; news/Politics; iptc/economy, business and finance; iptc/environment; iptc/science and technology/natural science",-0.2235294117647059,,unclassified
Plans emerge for third data centre in south east Northumberland,2026-08-17,Sustainability,Northumberland Gazette,northumberlandgazette.co.uk,https://www.northumberlandgazette.co.uk/news/politics/plans-emerge-for-third-data-centre-in-south-east-northumberland-8925511,"Early stage proposals for a third data centre in south east Northumberland have been submitted.

The plans would see the facility built on land at Factory Road in Cambois.

The proposed site borders another site earmarked for a data centre, with Wansbeck Regeneration Ltd seeking permission for a ...",Data center; Cambois; Northumberland; Construction aggregate; GSK plc; Wansbeck (UK Parliament constituency); Civil engineering; Choppington,"dmoz/Science/Environment; dmoz/Science/Technology; dmoz/Business/Industrial Goods and Services/Engineering; dmoz/Business/Environment/Engineering; dmoz/Computers/Internet/Cloud Computing; news/Business; iptc/economy, business and finance/economy; iptc/economy, business and finance/products and services/construction and property; iptc/environment",0.06666666666666665,Manufacturing,unclassified
How 'hidden' water risks could create $6.4bn loss for agri-food giants - edie,2026-08-17,Sustainability,edie.net,edie.net,https://www.edie.net/how-hidden-water-risks-could-create-6-4bn-loss-for-agri-food-giants/,"Join our growing army of changemakers and get access to our free content

New research from the FAIRR investor network - representing financial organisations worth $95trn - has warned that the largest companies from the agrifood sector are vastly underestimating water-related risks.

The research ...",Livestock; Food industry; Fresh water; Value chain; Brazil; WH Group; JBS S.A.; Carbon neutrality,"dmoz/Science/Environment/Water Resources; dmoz/Society/Issues/Business; dmoz/Science/Environment/Climate Change; dmoz/Business/Major Companies; dmoz/Science/Agriculture/Practices and Systems; news/Business; iptc/economy, business and finance; iptc/science and technology; iptc/environment",0.0980392156862746,,unclassified
"'Carbon-neutral' isn't the goal, cutting emissions is - edie",2026-08-17,Sustainability,edie.net,edie.net,https://www.edie.net/carbon-neutral-isnt-the-goal-cutting-emissions-is/,"Join our growing army of changemakers and get access to our free content

Pip & Nut won't be carbon neutral next year.

For a small, growing business, every pound can only be spent once. And that means tough choices: do we keep paying for carbon offsets to maintain carbon neutrality? Or do we put ...",Carbon neutrality; Supply chain; Almond; Nut (fruit); Carbon offsets and credits; Regenerative agriculture; Sustainability; Climate change,"dmoz/Science/Agriculture; dmoz/Science/Environment/Sustainability; dmoz/Science/Environment/Climate Change; dmoz/Science/Environment/Carbon Cycle; dmoz/Business/Management/Supply Chain; news/Business; iptc/economy, business and finance; iptc/environment; iptc/science and technology/natural science/meteorology",0.3333333333333333,,unclassified
Gardeners issued advice to keep plants alive during hosepipe bans,2026-08-17,Sustainability,Manchester Evening News,manchestereveningnews.co.uk,https://www.manchestereveningnews.co.uk/news/property/gardeners-issued-advice-keep-plants-34471569,"Many households will find that their plants have suffered amid the heatwaves

Gardeners have been issued some key advice to help keep plants alive during the UK hosepipe bans.

The government has announced that more than two-thirds of England are now in drought. After five heatwaves this year and a ...",Heat wave; Outdoor water-use restriction; United Kingdom; Wessex Water; Mulch; Water industry; Dehydration; Soil,"dmoz/Science/Environment/Water Resources; dmoz/Business/Energy/Utilities; dmoz/Science/Agriculture/Soils; dmoz/Business/Chemicals/Cleaning Agents and Toiletries; dmoz/Shopping/Home and Garden/Cleaning; news/Health; iptc/environment; iptc/disaster, accident and emergency incident/disaster",0.2627450980392156,Public/Gov,unclassified
Smart Water Magazine - Connecting Waterpeople,2026-08-17,Sustainability,Smart Water Magazine,smartwatermagazine.com,https://smartwatermagazine.com/news/newsroom/brazil-to-launch-575-million-in-water-infrastructure-tenders,"Brazil is preparing to launch bidding contracts expected to generate more than 3 billion reais (US$575 million) in investments in water infrastructure.

The government of the state of Pernambuco, through the Companhia Pernambucana de Saneamento (Compesa), is expected to publish the tender for a ...",Brazilian real; Brazil; Ipojuca River; Engenho; Purchasing power parity; Maranhão; Suape Port; Public–private partnership,"dmoz/Science/Environment/Water Resources; dmoz/Business/Energy/Utilities; dmoz/Business/Construction and Maintenance/Consulting; dmoz/Business/Chemicals/Specialties; dmoz/Business/Mining and Drilling/Water Wells and Pumps; news/Business; iptc/economy, business and finance; iptc/environment",0.2313725490196079,Public/Gov,unclassified
'We are dangerously close to climate tipping points' - Reader's letter,2026-08-17,Sustainability,The Star,thestar.co.uk,https://www.thestar.co.uk/news/environment/dangerously-close-to-climate-tipping-points-letter-8925288,"Graham Wroe from TelltheTruthSheffield.org on the future of our planet...

In Friday's Star, you highlighted a quote from Baroness Brown, who chairs the Climate Change Committee's adaptation work. She said, ""It gets worse from here. Until we get to Net Zero, things go on getting worse.""

We are ...",Tipping points in the climate system; Köppen climate classification; Atlantic meridional overturning circulation; Last Glacial Period; Carbon neutrality; Antarctic; Ice sheet; Sea level,dmoz/Society/Issues/Environment; dmoz/Science/Earth Sciences/Atmospheric Sciences; dmoz/Science/Environment/Climate Change; dmoz/Science/Earth Sciences/Paleogeography and Paleoclimatology; dmoz/Science/Earth Sciences/Quaternary Studies; iptc/environment; iptc/science and technology/natural science/meteorology; iptc/politics and government/government policy/environmental policy,-0.2784313725490196,,regulation
AI companies look to the ocean as a place to put more data centers,2026-08-17,Sustainability,The Conversation,theconversation.com,https://theconversation.com/ai-companies-look-to-the-ocean-as-a-place-to-put-more-data-centers-289180,"The artificial intelligence boom is driving unprecedented demand for data centers, raising concerns about their growing energy consumption, water use and carbon footprint. These challenges are making companies look beyond traditional land-based data centers.

Some developers are now exploring the ...",Energy consumption; Data center; Seawater; Microsoft; Artificial intelligence; Greenhouse gas emissions; Fresh water; Seabed,"dmoz/Business/Energy; dmoz/Science/Environment; dmoz/Science/Technology/Energy; dmoz/Science/Earth Sciences/Oceanography; dmoz/Science/Earth Sciences/Data Centers; news/Environment; iptc/economy, business and finance; iptc/science and technology; iptc/environment",0.4039215686274509,Energy,unclassified
'Our countryside is being ruined' Cornwall solar farm gets go ahead,2026-08-17,Sustainability,Cornwall Live,cornwalllive.com,https://www.cornwalllive.com/news/news-opinion/our-countryside-being-ruined-cornwall-11113255,"Looking towards where the solar farm would be built in St Dennis if it was approved(Image: Cornwall Council)

CornwallLive readers have reacted after a huge solar farm planned across 18 fields in Cornwall's clay country was approved on appeal, despite Cornwall Council previously rejecting it.

A ...","St Dennis, Cornwall; Trerice; Cornwall Council; Photovoltaic power station; Cornwall; Councillor; Renewable energy; Agriculture","dmoz/Society/Issues; dmoz/Science/Technology/Energy; dmoz/Business/Energy/Consulting; dmoz/Business/Energy/Renewable; dmoz/Home/Emergency Preparation/Equipment; news/Environment; iptc/environment; iptc/economy, business and finance/products and services/agriculture; iptc/disaster, accident and emergency incident/disaster",-0.05098039215686279,Energy,unclassified
Lesetja Kganyago: Remarks - annual dinner for the Heads of Foreign Missions accredited in South Africa,2026-08-17,Sustainability,Bank for International Settlements (BIS),bis.org,https://www.bis.org/review/r260813i.htm,"Welcome back to the South African Reserve Bank (SARB).

The last time we all met here was seven years ago, but it feels longer. There is a famous quote attributed to Vladimir Lenin that goes, ""There are decades where nothing happens and there are weeks where decades happen"". Since 2019, we have had ...",South African Reserve Bank; World economy; Inflation; South Africa; Multilateralism; Central bank; Artificial intelligence; 2021–2023 inflation surge,"dmoz/Business/Investing; dmoz/Society/Issues/Economic; dmoz/Society/Issues/Warfare and Conflict; dmoz/Society/Government/Finance; dmoz/Society/Issues/Global; news/Business; iptc/economy, business and finance; iptc/science and technology; iptc/environment",-0.03529411764705881,Finance/Banking/Insurance,market move
"Lanarkshire MSP insists more drilling in the North Sea would be ""indefensible""",2026-08-17,Sustainability,Daily Record,dailyrecord.co.uk,https://www.dailyrecord.co.uk/in-your-area/lanarkshire/lanarkshire-msp-insists-more-drilling-37558008,"Central Scotland list MSP Gillian Mackay insisted governments are weakening their response to the climate crisis when they should be stepping up as the latest public consultation on Rosebank, the largest untapped oil field in the North Sea, 80 miles north west of Shetland, closes today (Monday)

A ...","Gillian Mackay; Scottish Greens; Climate crisis; Rosebank, Staten Island; Central Scotland (Scottish Parliament electoral region); Member of the Scottish Parliament; Public consultation; Scottish Government","dmoz/Business/Energy/Oil and Gas; dmoz/Science/Technology/Energy; dmoz/Society/Issues/Environment; dmoz/Business/Energy/Consulting; dmoz/Science/Environment/Climate Change; news/Politics; iptc/environment; iptc/science and technology/natural science/meteorology; iptc/economy, business and finance/products and services/energy and resource",-0.2313725490196078,Finance/Banking/Insurance; Public/Gov,unclassified
Sineng Electric Wuxi Manufacturing Facility Receives Silver Medal in EcoVadis Sustainability Rating - pv magazine Global,2026-08-17,Sustainability,pv magazine International,pv-magazine.com,https://www.pv-magazine.com/press-releases/sineng-electric-wuxi-manufacturing-facility-receives-silver-medal-in-ecovadis-sustainability-rating/,"EcoVadis is a globally recognized provider of business sustainability ratings. Its assessment evaluates companies across four key areas: Environment, Labor & Human Rights, Ethics, and Sustainable Procurement, providing an independent assessment of how sustainability principles are integrated into ...","Sustainability; Manufacturing; Wuxi; Ethics; Environmental, social, and corporate governance; Business ethics; Transparency (behavior); Supply chain","dmoz/Science/Environment/Sustainability; dmoz/Business/Management/Supply Chain; dmoz/Business/Business and Society; dmoz/Society/Activism/In Daily Life; dmoz/Business/Management/Ethics; news/Business; iptc/economy, business and finance; iptc/environment",0.5058823529411764,Manufacturing,unclassified
Why Nairobi's boreholes won't save its future,2026-08-17,Sustainability,Deutsche Welle,dw.com,https://www.dw.com/en/why-nairobis-boreholes-wont-save-its-future/video-78373648,"Nairobi's water reserves are draining fast, with supply trailing demand. Kenyan experts and residents are working to find new solutions, in a race against time.

As Nairobi's population continues to grow, its water supply is no longer sufficient. The Kenyan capital already faces a daily shortfall of ...",Nairobi; Kenya; Borehole; Water supply; Overdrafting; Drinking water; Pollution; Reclaimed water,dmoz/Science/Environment/Water Resources; dmoz/Business/Energy/Utilities; dmoz/Science/Environment/Environmental Monitoring; dmoz/Science/Chemistry/Environmental Chemistry; dmoz/Science/Technology/Sanitary Engineering; news/Business; iptc/environment,0.07450980392156858,,unclassified
Andy Burnham warned 'virtue-signalling' 2030 ban will 'cripple economy',2026-08-17,Sustainability,EXPRESS,express.co.uk,https://www.express.co.uk/news/politics/2239842/andy-burnham-petrol-diesel-ban-cripple-economy,"Mr Cox said: ""Keeping the 2030 ban will cripple the UK economy and will not accelerate the uptake of expensive EVs.

""The Government is forcing them onto us without consultation and is relying on subsidies and tax breaks to bribe us all into submission.

The bloc will is shifting its stance from a ...",Andy Burnham; Tax break; Zero-emissions vehicle; Subsidy; Economy of the United Kingdom; Bribery; Gasoline; Diesel engine,"dmoz/Science/Technology/Energy; dmoz/Science/Environment/Air Quality; dmoz/Science/Environment/Carbon Cycle; dmoz/Shopping/Auctions/Autos; dmoz/Business/Automotive/Electric Vehicles; news/Business; iptc/economy, business and finance; iptc/environment; iptc/science and technology/natural science/meteorology",0.07450980392156858,Public/Gov,unclassified
False confidence? Cocoa research challenges reliability of sustainability audits,2026-08-17,Sustainability,foodingredientsfirst.com,foodingredientsfirst.com,https://www.foodingredientsfirst.com/news/cocoa-sustainability-audit-false-reporting.html,"The research highlights conflicts of interest and questions the credibility of farm-level data used to substantiate sustainability and deforestation-free claims.

A study of cocoa farms in Côte d'Ivoire, the world's largest cocoa-producing country, has found that sustainability monitoring can be ...",Cocoa bean; Sustainability; Audit; ETH Zurich; Deforestation; Conflict of interest; Commodity; European Union,"dmoz/Society/Issues; dmoz/Science/Environment; dmoz/Science/Technology; dmoz/Science/Agriculture; dmoz/Business/Management/Supply Chain; news/Business; iptc/economy, business and finance; iptc/crime, law and justice; iptc/environment",0.1372549019607843,,regulation
Energy leaders warn rejecting Rosebank would mean importing more oil from abroad at higher carbon costs,2026-08-17,Sustainability,The Shetland Times,shetlandtimes.co.uk,https://www.shetlandtimes.co.uk/news/energy-leaders-warn-rejecting-rosebank-would-mean-importing-442679/,"The energy industry's biggest trade body has called on the government to ""be honest"" about the UK's energy demand as public consultation on Rosebank ends today (Monday).

Offshore Energies UK said the consultation marked a crucial step for the UK's future energy policy, industrial resilience and its ...","Offshore Energies UK; Rosebank, Staten Island; Fossil fuel; White House; Energy policy; Carbon neutrality; Shetland; Energy development","dmoz/Business/Energy/Oil and Gas; dmoz/Society/Issues; dmoz/Science/Technology/Energy; dmoz/Business/Energy/Consulting; dmoz/Science/Environment/Carbon Cycle; news/Politics; iptc/environment; iptc/economy, business and finance/products and services/energy and resource",0.4666666666666666,Manufacturing; Finance/Banking/Insurance; Public/Gov; Energy,unclassified
'Golf mad': why does Ireland have so many golf courses?,2026-08-17,Sustainability,RTE.ie,rte.ie,https://www.rte.ie/brainstorm/2026/0817/1587231-ireland-golf-courses-maintenance-conservation-care-greenkeepers/,"Analysis: Ireland is home to some of the oldest golf courses in the world and keeping these unique spaces up to date requires careful maintenance

Ireland has a long history of golf clubs dating back to the mid-1800s. In the 1890s alone, more than 100 golf clubs were established in Ireland, and ...",Greenskeeper; Links (golf); Golf course; Golf club; Golf; Ireland; Teagasc; Poaceae,"dmoz/Science/Environment/Biodiversity; dmoz/Society/Issues/Environment; dmoz/Science/Environment/Sustainability; dmoz/Sports/Golf/Course Architecture; dmoz/Sports/Golf/Community and Clubs; news/Science; iptc/economy, business and finance; iptc/sport; iptc/environment",0.3254901960784313,,unclassified
Will Andy Burnham allow North Sea oil and gas drilling as Rosebank decision looms?,2026-08-17,Sustainability,The Independent,independent.co.uk,https://www.independent.co.uk/news/uk/home-news/north-sea-oil-andy-burnham-decision-rosebank-b3034188.html,"Andy Burnham is preparing to decide whether to approve North Sea oil drilling amid growing pressure from environmental campaigners to resist calls to develop the Rosebank site.

A consultation on the project, which lies about 80 miles north-west of the Shetland Islands, closed on ...","Rosebank, Staten Island; Andy Burnham; North Sea oil; North Sea; Petroleum reservoir; Fossil fuel; Greenpeace; Environmentalism","dmoz/Business/Energy/Oil and Gas; dmoz/Science/Technology/Energy; dmoz/Business/Energy/Consulting; dmoz/Science/Environment/Climate Change; dmoz/Science/Environment/Carbon Cycle; news/Environment; iptc/economy, business and finance; iptc/environment; iptc/science and technology/natural science",-0.01960784313725494,Finance/Banking/Insurance,unclassified
Greens Accuse Alliance And UUP Of Inaction Over Car Left In River Lagan For Decades,2026-08-17,Sustainability,4NI - Internet Directory and Portal,4ni.co.uk,https://www.4ni.co.uk/northern-ireland-news/333703/greens-accuse-alliance-and-uup-of-inaction-over-car-left-in-river-lagan-for-deca,"The Green Party in Northern Ireland has condemned what it calls years of inaction over an abandoned car in the River Lagan, claiming the vehicle has sat in the water for around four decades while politicians only engaged once cameras appeared.

The party points to Alliance's presence on Lisburn & ...",Green Party of England and Wales; River Lagan; Ulster Unionist Party; Councillor; Lisburn and Castlereagh; Lagan Valley (UK Parliament constituency); Sustainability; Northern Ireland,dmoz/Society/Issues; dmoz/Science/Environment; dmoz/Shopping/Entertainment/Party Supplies; dmoz/Shopping/Children/Parties; dmoz/Society/Politics/Green; news/Politics; iptc/science and technology; iptc/environment,-0.0117647058823529,Automotive,unclassified
"Africa's Blue Economy Takes Shape: Fisheries, Aquaculture And Marine Industries Create New Opportunities",2026-08-17,Sustainability,African Leadership Magazine,africanleadershipmagazine.co.uk,https://www.africanleadershipmagazine.co.uk/africas-blue-economy-takes-shape-fisheries-aquaculture-and-marine-industries-create-new-opportunities/,"Africa's oceans, lakes and rivers are increasingly being recognised as economic assets rather than simply natural resources. From fisheries and aquaculture to coastal tourism and maritime trade, the continent's blue economy is becoming an increasingly important source of food, employment, investment ...",Blue economy; Aquatic animal; Aquaculture; Fishery; Climate resilience; Zimbabwe; Nigeria; Lake Kariba,"dmoz/Society/Issues/Economic; dmoz/Science/Environment/Biodiversity; dmoz/Science/Environment/Sustainability; dmoz/Business/Agriculture and Forestry/Aquaculture; dmoz/Science/Agriculture/Fisheries; news/Business; iptc/economy, business and finance/economy; iptc/environment; iptc/economy, business and finance/products and services/agriculture",0.3568627450980393,Natural Resources,unclassified
'It has set a benchmark for what is possible in Northern Ireland through sustainable landscape architecture',2026-08-17,Sustainability,Belfast News Letter,newsletter.co.uk,https://www.newsletter.co.uk/business/we-are-thrilled-to-see-a-continued-vote-of-confidence-northern-irelands-principal-maritime-gateway-and-logistics-hub-lands-major-green-award-8924690,"Belfast Harbour secures its first Green Flag Award for City Quays Gardens, recognising the waterfront park's sustainable design and contribution to Belfast's green spaces

Northern Ireland's principal maritime gateway and logistics hub Belfast Harbour has received its first ever Green Flag Award, ...",Belfast Harbour; Northern Ireland; Green Flag Award; Sustainable design; Motion of no confidence; Belfast; Open space reserve; Sustainable development,dmoz/Science/Environment/Sustainability; dmoz/Business/Construction and Maintenance/Building Types; dmoz/Society/Politics/Green; dmoz/Arts/Architecture/Landscape; dmoz/Business/Construction and Maintenance/Environmental; news/Environment; iptc/human interest; iptc/environment,0.7098039215686274,Transportation & Construction,unclassified
Open up the North Sea,2026-08-17,Sustainability,Shetland News,shetnews.co.uk,https://www.shetnews.co.uk/2026/08/17/open-up-the-north-sea/,"The Straits of Hormuz are blocked, 20 per cent of the world's oil production is going nowhere. Prices have shot up. If only we had our own oil!

Blimey, we do, out in the North Sea. But, due to the Net Zero mindset of the UK and Scottish governments seem set on not opening up Rosebank, Cambo and ...","Rosebank, Staten Island; North Sea; Petroleum; Scotland; Norway; Pete Wishart; Strait of Hormuz; United Kingdom","dmoz/Business/Energy/Oil and Gas; dmoz/Society/Issues/Economic; dmoz/Society/Issues/Business; dmoz/Science/Environment/Carbon Cycle; dmoz/Business/Energy/Marketplaces; news/Business; iptc/environment; iptc/economy, business and finance/products and services/energy and resource",-0.06666666666666665,Finance/Banking/Insurance; Public/Gov,unclassified
Fleet sector hopes ZEV mandate review reflects 'operational realities of EVs',2026-08-17,Sustainability,FNN - Fleet NewsNet,fleetnews.co.uk,https://www.fleetnews.co.uk/news/fleet-sector-hopes-zev-mandate-review-reflects-operational-realities-of-evs,"With the Government launching a review of the UK's electric vehicle (EV) sales targets for car and van makers, the fleet sector is hoping for a more ""flexible approach"".

The Department for Transport (DfT) launched a review of the zero emission vehicle (ZEV) mandate on Friday (August 14), with the ...",Electrification; Society of Motor Manufacturers and Traders; Zero-emissions vehicle; Commercial vehicle; Electric vehicle; Electric car; Chief executive officer; Charging station,"dmoz/Society/Issues; dmoz/Recreation/Autos/Driving and Safety; dmoz/Business/Transportation and Logistics/Car Sharing; dmoz/Business/Transportation and Logistics/Fleet Maintenance; dmoz/Business/Automotive/Electric Vehicles; news/Business; iptc/economy, business and finance/business information; iptc/environment; iptc/economy, business and finance/products and services/manufacturing and engineering",0.2313725490196079,Public/Gov; Automotive,regulation
"No benefit for local people"" councillor voices objections to solar farm",2026-08-17,Sustainability,The Star,thestar.co.uk,https://www.thestar.co.uk/news/politics/no-benefit-for-local-people-councillor-voices-objections-to-solar-farm-8924566,"""It's all good saying 'we've got enough energy to heat our houses' but not enough to eat.""

A Conservative councillor has voiced his objections to plans for a solar farm on green belt land in Rotherham and Doncaster.

Rotherham Councillor Greg Reynolds joined residents and politicians in opposing ...",Green belt; Photovoltaic power station; Councillor; Doncaster; Rotherham; Parish; Food security; Conservative Party (UK),dmoz/Science/Technology/Energy; dmoz/Business/Energy/Consulting; dmoz/Business/Energy/Renewable; dmoz/Home/Home Improvement/Energy Efficiency; dmoz/Home/Emergency Preparation/Equipment; news/Environment; iptc/environment; iptc/politics and government/government policy/interior policy; iptc/politics and government/government policy/environmental policy,0.03529411764705892,Energy,regulation
Massive Attack and Paris Paloma join musicians urging Burnham to reject new North Sea drilling - AOL,2026-08-17,Sustainability,AOL.com,aol.co.uk,https://www.aol.co.uk/articles/massive-attack-paris-paloma-join-090050000.html,"More than 200 musicians including Massive Attack and Brian Eno have written to Andy Burnham, urging him to reject plans for more oil and gas drilling in the North Sea.

The letter, signed by artists such as Olly Alexander and Paris Paloma, called on the prime minister to reject the Rosebank ...","Rosebank, Staten Island; Andy Burnham; Massive Attack; Brian Eno; Fossil fuel; Paris; North Sea; Olly Alexander","dmoz/Business/Energy/Oil and Gas; dmoz/Science/Technology/Energy; dmoz/Society/Issues/Environment; dmoz/Business/Energy/Consulting; dmoz/Science/Environment/Climate Change; news/Environment; iptc/economy, business and finance; iptc/environment; iptc/science and technology/natural science",-0.2470588235294118,Finance/Banking/Insurance,unclassified
Leading UK music figures call on Andy Burnham to reject Rosebank oil and gas field,2026-08-17,Sustainability,The Herald,heraldscotland.com,https://www.heraldscotland.com/news/26468279.radiohead-primal-scream-members-call-rosebank-scrapped/,"Public consultation closed this month, with the final decision resting with the UK Government.

While proponents argue that letting drilling go ahead would provide a boost to the North Sea oil industry, opponents point to the climate implications of approving new fossil fuel projects and say it ...","Rosebank, Staten Island; Andy Burnham; Fossil fuel; Petroleum; United Kingdom; Primal Scream; Radiohead; Climate change","dmoz/Business/Energy; dmoz/Society/Issues; dmoz/Science/Earth Sciences; dmoz/Science/Technology/Energy; dmoz/Science/Environment/Climate Change; news/Arts and Entertainment; iptc/economy, business and finance/products and services; iptc/environment; iptc/science and technology/natural science",-0.2,Finance/Banking/Insurance; Public/Gov,unclassified
Still dates available to view film about climatic breakdown in Chichester area,2026-08-17,Sustainability,Sussex Express,sussexexpress.co.uk,https://www.sussexexpress.co.uk/news/still-dates-available-to-view-film-about-climatic-breakdown-in-chichester-area-8924233,"See the latest news from Your World at https://www.sussexexpress.co.uk/your-world

In villages towns and cities across Sussex and the country a little known film show, ""The People's Emergency Briefing,"" is giving people the truth about the climatic breakdown we're experiencing. As the film says it ...",Climate; Carbon neutrality; Chichester; Physics; Scientific method; Sussex; Wildfire; Mike Berners-Lee,"dmoz/Society/Issues; dmoz/Society/Politics; dmoz/Society/Activism; dmoz/Science/Environment/Climate Change; dmoz/Arts/Movies/Theory and Criticism; news/Environment; iptc/arts, culture, entertainment and media; iptc/science and technology; iptc/environment",0.0117647058823529,,unclassified
EU packaging regulation enters into force: PFAS restrictions in food-contact packaging now in effect - European Coatings,2026-08-17,Sustainability,European Coatings,european-coatings.com,https://www.european-coatings.com/news/markets-companies/eu-packaging-regulation-enters-into-force-pfas-restrictions-in-food-contact-packaging-now-in-effect/,"The EU's Packaging and Packaging Waste Regulation has begun to apply across member states, introducing a harmonised framework for packaging and packaging waste. A key measure now in effect restricts the use of PFAS in food-contact packaging, with further requirements on waste reduction and ...",Per- and polyfluoroalkyl substances; Packaging and labeling; Packaging waste; Circular economy; European Union; Recycling; Waste minimisation; Life-cycle assessment,"dmoz/Business/Environment/Waste Management; dmoz/Society/Government; dmoz/Science/Technology/Food Science; dmoz/Business/Industrial Goods and Services/Packaging; dmoz/Science/Environment/Pollution Prevention and Recycling; news/Environment; iptc/environment; iptc/economy, business and finance/products and services/consumer goods",-0.1294117647058823,,regulation
FAO at the UN Convention to Combat Desertification Conference (UNCCD COP17),2026-08-17,Sustainability,Food and Agriculture Organization of the United Nations,fao.org,http://www.fao.org/events/detail/fao-at-the-un-convention-to-combat-desertification-conference-(unccd-cop17)-2026,"The seventeenth session of the Conference of the Parties (COP17) to the United Nations Convention to Combat Desertification (UNCCD) will take place in Ulaanbaatar, Mongolia, from 17 to 28 August 2026 under the theme ""Restoring Land. Restoring Hope."" This focus highlights the interconnected ...",United Nations Convention to Combat Desertification; Food and Agriculture Organization; Land degradation; Desertification; Drought; Agriculture; Ecological resilience; Sustainability,dmoz/Society/Issues/Environment; dmoz/Science/Environment/Sustainability; dmoz/Science/Environment/Climate Change; dmoz/Science/Agriculture/Soils; dmoz/Science/Agriculture/Databases; news/Environment; iptc/politics and government/international relations/diplomacy; iptc/politics and government/international relations/international organization; iptc/environment,0.2156862745098038,,unclassified
"Gwyn Jones Farm Diary: Small measures are welcome, but more will be needed",2026-08-17,Sustainability,Sussex Express,sussexexpress.co.uk,https://www.sussexexpress.co.uk/your-world/gwyn-jones-farm-diary-small-measures-are-welcome-but-more-will-be-needed-to-face-the-future-8924152,"See the latest news from Your World at https://www.sussexexpress.co.uk/your-world

The Prime Minister called a Cobra meeting, addressing the UK's response to extreme heat, wildfires and drought. Government has now banned disposable BBQ's for the time being, which seems sensible and there are ...",Grazing; Vaccine; Drought; Wales; Sheep; Wildfire; England; Senedd,"dmoz/Society/Issues; dmoz/Science/Agriculture; dmoz/Business/Agriculture and Forestry; dmoz/Science/Environment/Agriculture; dmoz/Health/Animal/Livestock; news/Business; iptc/environment; iptc/economy, business and finance/products and services/agriculture",0.3098039215686275,Public/Gov,unclassified
Andy Burnham told his decision means 'life or death' for North Sea oil industry,2026-08-17,Sustainability,Express.co.uk,scottishdailyexpress.co.uk,https://www.scottishdailyexpress.co.uk/news/politics/dithering-andy-burnham-told-decision-37558992,"The new Prime Minister faces his first big decision on approving the Rosebank and Jackdaw oil fields - and he's been told to stop the 'small talk' and show that Labour can back British energy for once

The decision on whether to give the go ahead to two oil and gas fields could mean ""life or death"" ...","Rosebank, Staten Island; Andy Burnham; North Sea; Labour Party (UK); Fossil fuel; Petroleum; United Kingdom; David Bowie","dmoz/Business/Energy/Oil and Gas; dmoz/Society/Issues; dmoz/Science/Technology/Energy; dmoz/Business/Energy/Consulting; dmoz/Science/Environment/Climate Change; news/Politics; iptc/politics and government; iptc/environment; iptc/economy, business and finance/products and services/energy and resource",-0.192156862745098,Finance/Banking/Insurance; Energy,unclassified
Climate Policy,2026-08-17,Sustainability,No2NuclearPower,no2nuclearpower.org.uk,https://www.no2nuclearpower.org.uk/news/climate-policy-17-8-26/,Former Tory MPs left waiting for approval after net zero and ECHR quiz. Dame Penny Mordaunt is one of the cohort facing a weeks-long delay to find out if they can stand for Kemi Badenoch's party at the next election. A former cabinet minister is among several ex-Tory MPs who have faced a weeks-long ...,2010 United Kingdom general election; Penny Mordaunt; Fossil fuel; Primary energy; Andy Burnham; Sustainable energy; Electric battery; Portsmouth North (UK Parliament constituency),"dmoz/Business/Energy; dmoz/Science/Technology/Energy; dmoz/Society/Issues/Environment; dmoz/Science/Environment/Climate Change; dmoz/Science/Environment/Carbon Cycle; news/Politics; iptc/environment; iptc/science and technology/natural science/meteorology; iptc/economy, business and finance/products and services/energy and resource",0.1137254901960785,,regulation
"North East solar farm plans submitted to power up to 16,400 homes",2026-08-17,Sustainability,Chronicle Live,chroniclelive.co.uk,https://www.chroniclelive.co.uk/news/north-east-news/north-east-solar-farm-plans-34468720,"Elgin Energy has submitted plans for a 38-megawatt solar farm east of Low Maidendale Farm in Hurworth Moor, which could generate enough renewable electricity to power up to 16,400 Darlington homes

An application has been lodged for a solar farm capable of producing sufficient renewable energy to ...","Photovoltaic power station; Renewable energy; Elgin, Moray; Moorland; Darlington; Solar panel; North East England; Borough of Darlington","dmoz/Science/Technology/Energy; dmoz/Business/Energy/Management; dmoz/Business/Energy/Consulting; dmoz/Business/Energy/Renewable; dmoz/Home/Home Improvement/Energy Efficiency; news/Business; iptc/environment; iptc/economy, business and finance/products and services/energy and resource",0.4745098039215687,Energy,unclassified
'The climate alarm is blaring',2026-08-17,Sustainability,The Ecologist,theecologist.org,https://theecologist.org/2026/aug/17/climate-alarm-blaring,"At the same time, it is now clear that Atlantic Meridional Overturning Circulation (AMOC), which does much to govern oceanic heat circulation, has been slowing.

Were it to shut off altogether, it would have devastating consequences for our global climate, a scenario some experts are saying is ...",Heat wave; Fossil fuel subsidies; Fossil fuel; France; Spain; Atlantic meridional overturning circulation; Sea surface temperature; Ocean,"dmoz/Business/Energy; dmoz/Society/Issues; dmoz/Science/Earth Sciences; dmoz/Science/Technology/Energy; dmoz/Science/Environment/Carbon Cycle; news/Environment; iptc/environment; iptc/science and technology/natural science/meteorology; iptc/economy, business and finance/products and services/energy and resource",-0.1607843137254902,,unclassified
Public consultation opens on Waterford city's revamp of William Vincent Wallace Plaza,2026-08-17,Sustainability,Irish Independent,independent.ie,https://www.independent.ie/county/waterford/public-consultation-opens-on-waterford-citys-revamp-of-william-vincent-wallace-plaza/a/160052451.html,"People in Waterford can now have their say on the William Vincent Wallace Plaza refurbishment project in the heart of the city as the local authority has opened an online consultation.

Following investment from the Department of Local Government and Planning, Waterford City and County Council said ...","William Vincent Wallace; Waterford; Department of Housing, Local Government and Heritage; Waterford City and County Council; Landscape architect; Public consultation; Local government; River Suir","dmoz/Science/Environment; dmoz/Society/Issues/Environment; dmoz/Science/Social Sciences/Urban and Regional Planning; dmoz/Business/Construction and Maintenance/Landscaping; dmoz/Arts/Architecture/Landscape; news/Business; iptc/economy, business and finance/products and services; iptc/environment",0.1764705882352942,Public/Gov,unclassified
From Mayfield with love: Rob Horgan continues Velo's coffee mission,2026-08-17,Sustainability,Irish Examiner,irishexaminer.com,https://www.irishexaminer.com/business/companies/arid-41896789.html,"""We got a warning three months ahead that Brazil would have no coffee for three months. Fortunately, we have good partnerships with suppliers, but business survives on stability."" His retail partners have been aware of the vicissitudes of the supply of beans, and credits Aldi, Dunnes, and Tesco with ...",Coffee roasting; Coffee; Bean; Roasting; Cork (city); Brazil; Packaging and labeling; Cherry,"dmoz/Society/Issues/Business; dmoz/Business/Food and Related Products/Beverages; dmoz/Shopping/Food/Beverages; dmoz/Shopping/Home and Garden/Kitchen and Dining; dmoz/Science/Agriculture/Crop Plants; news/Business; iptc/economy, business and finance/products and services; iptc/lifestyle and leisure; iptc/environment",0.1294117647058823,Retail,unclassified
DCC and Bryson Recycling launch special bulky household waste initiative,2026-08-17,Sustainability,Highland Radio - Latest Donegal News and Sport,highlandradio.com,https://highlandradio.com/2026/08/17/dcc-and-bryson-recycling-launch-special-bulky-household-waste-initiative/,"Donegal County Council is encouraging householders to dispose of bulky household waste responsibly through a special half price bulky waste promotion taking place at all six Recycling Centres across the county.

The two week promotion starts today at three of the county's recycling centres, namely ...",Municipal solid waste; Recycling; Donegal County Council; Counties of Ireland; Illegal dumping; Laghy; Dungloe; Stranorlar,"dmoz/Society/Issues; dmoz/Science/Environment/Hazardous Materials; dmoz/Business/Environment/Waste Management; dmoz/Science/Environment/Pollution Prevention and Recycling; dmoz/Science/Instruments and Supplies/Laboratory Waste Management; news/Environment; iptc/environment; iptc/economy, business and finance/products and services/energy and resource",-0.1450980392156863,,technology maturity
IHFA Focus Farms 2026: Six dairy farms showcasing pedigree breeding #sp,2026-08-17,Sustainability,Agriland.ie,agriland.ie,https://www.agriland.ie/farming-news/ihfa-focus-farms-2026-six-dairy-farms-showcasing-pedigree-breeding/,"The 2026 IHFA Focus Farms represent a diverse range of production systems.

Among them are spring-calving and split-calving herds, grass-based enterprises and higher-output systems, family farms with generations of breeding history, and younger farmers building ambitious businesses of their ...",Herd; Genetics; Milk; Cattle; Fertility; Dairy; Powdered milk; Longevity,"dmoz/Science/Agriculture; dmoz/Business/Agriculture and Forestry; dmoz/Business/Management; dmoz/Business/Food and Related Products/Dairy; dmoz/Health/Specific Substances/Dairy Products; news/Business; iptc/economy, business and finance/business information; iptc/economy, business and finance/products and services; iptc/environment",0.4274509803921569,,unclassified
Decision on Jackdaw and Rosebank 'could be life or death' for North Sea,2026-08-17,Sustainability,The Scotsman,scotsman.com,https://www.scotsman.com/news/politics/decision-on-jackdaw-and-rosebank-could-be-life-or-death-for-north-sea-8923655,"A public consultation on Rosebank - the largest untapped oil field in the North Sea - closes on Monday

Andy Burnham's decision on whether to give the go ahead to two oil and gas fields could be ""life and death"" for the North Sea industry, it has been warned.

The Scottish Conservatives said failing ...","Rosebank, Staten Island; Andy Burnham; Public consultation; North Sea; Labour Party (UK); Fossil fuel; Petroleum; United Kingdom","dmoz/Business/Energy/Oil and Gas; dmoz/Society/Issues; dmoz/Science/Technology/Energy; dmoz/Business/Energy/Consulting; dmoz/Science/Environment/Climate Change; news/Politics; iptc/environment; iptc/science and technology/natural science; iptc/economy, business and finance/products and services/energy and resource",0.05882352941176472,Finance/Banking/Insurance,unclassified
'Cool Britannia?' - LabourList,2026-08-17,Sustainability,LabourList,labourlist.org,https://labourlist.org/2026/08/cool-britannia/,"Over the last few months, we all know or have heard about a child being sent home from school because it was too hot to learn safely. Children are estimated to have missed over seven million school days after extreme heat in June saw more than a thousand schools close.

We've probably all worked in, ...",Heat pump; Heat wave; Climate change; Greenhouse gas emissions; Cool Britannia; Labour Party (UK); Climate change adaptation; Boiler,dmoz/Society/Issues; dmoz/Business/Electronics and Electrical/Heating and Cooling; dmoz/Science/Environment/Climate Change; dmoz/Science/Environment/Carbon Cycle; dmoz/Science/Earth Sciences/Paleogeography and Paleoclimatology; news/Politics; iptc/environment; iptc/weather; iptc/science and technology/natural science/meteorology,0.0117647058823529,,unclassified
Net Zero progress hailed as plastic and waste cut at schools,2026-08-17,Sustainability,Inverness Courier,inverness-courier.co.uk,https://www.inverness-courier.co.uk/news/net-zero-progress-hailed-as-plastic-and-waste-cut-at-schools-442649/,"Net Zero efforts across Highland Council are helping to slash the use of single-use plastics and non-recyclable items in school waste bins, a report has revealed.

The local authority's climate change committee noted the progress of several projects across its Net Zero Programme when it held its ...",The Highland Council; Disposable product; Carbon neutrality; Climate change; Food loss and waste; Packaging and labeling; Tonne; Recycling,dmoz/Business/Environment; dmoz/Society/Issues/Environment; dmoz/Science/Environment/Sustainability; dmoz/Science/Environment/Climate Change; dmoz/Sports/Strength Sports/Highland Games; news/Environment; iptc/environment; iptc/science and technology/natural science/meteorology,0.1294117647058823,,unclassified
Oxfordshire housebuilder named among world's most sustainable companies,2026-08-17,Sustainability,Oxford Mail,oxfordmail.co.uk,https://www.oxfordmail.co.uk/news/26456847.oxfordshire-housebuilder-among-worlds-sustainable/,"An Oxfordshire housebuilder has been named one of the world's most sustainable companies.

Barratt Redrow, which is behind housing developments including Hampden Meadows in Watlington and Blaise Park in Abingdon, earned its place in Time magazine's top 500 for sustainability for the third ...","Oxfordshire; Redrow plc; Home construction; John Hampden; Abingdon-on-Thames; Sustainability; Watlington, Oxfordshire; Environmental issues","dmoz/Society/Issues/Environment; dmoz/Science/Environment/Sustainability; dmoz/Science/Environment/Climate Change; dmoz/Science/Environment/Carbon Cycle; dmoz/Science/Environment/Research Groups and Centers; news/Business; iptc/economy, business and finance; iptc/science and technology; iptc/environment",0.3176470588235294,,unclassified
'This is what climate change looks like': Dorset in drought,2026-08-17,Sustainability,Daily Echo Sport,bournemouthecho.co.uk,https://www.bournemouthecho.co.uk/news/26465063.this-climate-change-looks-like-dorset-drought/,"More than two thirds of England is officially in drought -- including here in Dorset.

The Environment Agency, which declared the drought, said Dorset recorded its driest July on record last month.

The high temperatures and dry weather have had a profound impact on the landscape across the county, ...","Kings Park, Boscombe; Sturt Football Club; Environment Agency; Drought; Climate change; Dorset; West Cliff, Bournemouth; Effects of climate change",dmoz/Society/Issues/Environment; dmoz/Science/Earth Sciences/Atmospheric Sciences; dmoz/Science/Environment/Climate Change; dmoz/Science/Environment/Carbon Cycle; dmoz/Science/Earth Sciences/Paleogeography and Paleoclimatology; news/Environment; iptc/environment; iptc/science and technology/natural science/meteorology,0.07450980392156858,,unclassified
Pressure mounts on Andy Burnham over 'life or death' North Sea decision,2026-08-17,Sustainability,The Herald,heraldscotland.com,https://www.heraldscotland.com/news/26468751.rosebank-life-death-north-sea-pressure-mounts/,"The public consultation on the controversial Rosebank field closes today, just a week after a similar exercise ended for the planned Jackdaw gas field, leaving the new Prime Minister with one of the first major tests of his approach to energy and climate policy.

The Conservatives and industry ...","Rosebank, Staten Island; Andy Burnham; North Sea; Conservative Party (UK); Petroleum; Scotland; United Kingdom; Fossil fuel","dmoz/Business/Energy/Oil and Gas; dmoz/Society/Issues; dmoz/Science/Technology/Energy; dmoz/Business/Energy/Consulting; dmoz/Science/Environment/Climate Change; news/Politics; iptc/politics and government; iptc/environment; iptc/economy, business and finance/products and services/energy and resource",-0.05882352941176472,Finance/Banking/Insurance; Energy,unclassified
Readers' letters: Europe should take lead on climate emergency,2026-08-17,Sustainability,The Scotsman,scotsman.com,https://www.scotsman.com/news/opinion/letters/readers-letters-europe-should-take-lead-on-climate-emergency-8923904,"A reader says the UK and rest of Europe started the warming trend so must take a lead on tackling it

""This is not over by any means"", was Andy Burnham's warning that the wildfire ""tinderbox"" is ongoing with 37 wildfires across the country. Your editorial (15 August) states Burnham ""would be wrong ...",Andy Burnham; Climate change; Europe; Wildfire; United Kingdom; Paris Agreement; Aberdeen South (UK Parliament constituency); North Sea oil,dmoz/Business/Energy/Oil and Gas; dmoz/Society/Issues; dmoz/Science/Environment/Climate Change; dmoz/Science/Environment/Carbon Cycle; dmoz/Science/Earth Sciences/Paleogeography and Paleoclimatology; news/Environment; iptc/environment; iptc/science and technology/natural science/meteorology,-0.1215686274509804,,unclassified
Europe's heatwave highlights growing protection gap in insurance,2026-08-17,Sustainability,Irish Examiner,irishexaminer.com,https://www.irishexaminer.com/business/economy/arid-41896786.html,"As Europe bakes under its fifth heatwave of the year, the traditional 6-7pm. slot has all but disappeared as people seek air-conditioning indoors, cutting sales for many hospitality businesses.

Adding to the pressure, extreme heat often falls outside traditional business interruption insurance, ...","Hospitality; Heat wave; Europe; Insurance; Euro; Luni, Italy; Padua; Productivity","dmoz/Society/Issues; dmoz/Science/Environment; dmoz/Business/Financial Services/Insurance; dmoz/Home/Personal Finance/Insurance; dmoz/Business/Small Business/Consulting; news/Business; iptc/economy, business and finance; iptc/environment; iptc/science and technology/natural science/meteorology",-0.1764705882352942,Finance/Banking/Insurance; Healthcare,trend
Nearly all of Ireland's economic sectors on course to miss emission reduction targets,2026-08-16,Sustainability,Irish Examiner,irishexaminer.com,https://www.irishexaminer.com/news/spotlight/arid-41894971.html,"The ambitious targets, which were agreed by the last Fianna Fáil, Fine Gael, and Green Party coalition in 2022, set out ""sectoral emission ceilings"" for seven sections across the Irish economy.

The figures dictated the percentage change each section needed to achieve to reduce its emissions by ...",Fianna Fáil; Combustion; United States Environmental Protection Agency; Electricity; Primary sector of the economy; Ireland; Green Party of England and Wales; Heat pump,"dmoz/Business/Energy; dmoz/Society/Issues; dmoz/Science/Technology/Energy; dmoz/Science/Environment/Climate Change; dmoz/Science/Environment/Carbon Cycle; news/Environment; iptc/economy, business and finance; iptc/environment; iptc/science and technology/natural science",0.2078431372549019,,unclassified
"Plans submitted for solar farm that could power up to 16,400 homes",2026-08-16,Sustainability,Gazette live,gazettelive.co.uk,https://www.gazettelive.co.uk/news/teesside-news/plans-submitted-darlington-solar-farm-34466928,"Elgin Energy Es Co has applied to Darlington Borough Council for permission to build the scheme on land east of Low Maidendale Farm, in Hurworth Moor

Plans have been submitted for a solar farm which could generate enough renewable electricity to power up to 16,400 Darlington homes. Elgin Energy Es ...","Photovoltaic power station; Renewable energy; Darlington; Elgin, Moray; Borough of Darlington; Hurworth-on-Tees; Moorland; Solar panel","dmoz/Science/Technology/Energy; dmoz/Business/Energy/Management; dmoz/Business/Energy/Consulting; dmoz/Business/Energy/Renewable; dmoz/Home/Home Improvement/Energy Efficiency; news/Business; iptc/environment; iptc/economy, business and finance/products and services/energy and resource",0.3176470588235294,Energy,unclassified
Lagan River: Removal of abandoned car in river begins,2026-08-16,Sustainability,BBC,bbc.com,https://www.bbc.com/news/articles/czekk25r60do,"A car which had been dumped in the River Lagan decades ago has been partly removed.

The rusted vehicle, which had deteriorated and begun to break apart was removed from the water near Lisburn on Sunday, following calls for it to be taken away.

The Department for Infrastructure (DfI), which is ...",River Lagan; Department for Infrastructure (Northern Ireland); Lisburn; Councillor; Lisburn and Castlereagh; Sustainability; Pollution,"dmoz/Science/Environment/Water Resources; dmoz/Recreation/Boating/Paddling; dmoz/Science/Environment/Mining; dmoz/Science/Environment/Impact Assessment; dmoz/Recreation/Autos/Audio and Alarms; news/Business; iptc/disaster, accident and emergency incident; iptc/environment",0.1764705882352942,Automotive,unclassified
'Cost of ignoring cause of climate crisis is a high price for Burnham to pay',2026-08-16,Sustainability,Mirror,mirror.co.uk,https://www.mirror.co.uk/news/politics/andy-burnham-climate-crisis-labour-37558512,"Wildfires have broken out across the country (Image: West Midlands Fire Service/ SWNS)

Wildfires, most of the country under drought restrictions and two trains derailed in as many days... banning disposable BBQs and sending an anti-terror phone alert were a half-baked response to a worsening ...",Climate crisis; Wildfire; West Midlands Fire Service; Andy Burnham; Drought; Mayor of Greater Manchester; Green job; Standard of living,dmoz/Society/Issues; dmoz/Science/Environment/Climate Change; dmoz/Science/Environment/Carbon Cycle; dmoz/Science/Earth Sciences/Paleontology; dmoz/Home/Rural Living/Homesteading; news/Politics; iptc/environment; iptc/science and technology/natural science,0.02745098039215677,,unclassified
AI Set to Extend Fossil Fuel Dominance,2026-08-16,Sustainability,OilPrice.com,oilprice.com,https://oilprice.com/Energy/Energy-General/AI-Set-to-Extend-Fossil-Fuel-Dominance.html,"A new study in Nature's NPJ Climate Action finds AI's use inside the fossil fuel sector could add up to 1.8 billion tons of CO2 annually, dwarfing the direct emissions from data centers themselves.

AI's energy footprint is out of control. Hyperscalers are building out data centers faster than the ...",Data center; Carbon dioxide; Artificial intelligence; Köppen climate classification; Carbon footprint; Fossil fuel; Ton; Power station,"dmoz/Business/Energy; dmoz/Society/Issues; dmoz/Science/Earth Sciences; dmoz/Science/Technology/Energy; dmoz/Science/Environment/Carbon Cycle; news/Technology; iptc/economy, business and finance; iptc/environment; iptc/science and technology/natural science",0.3098039215686275,Energy,unclassified
Bill Follows Up - What Can Highland Learn from Other Rural Councils and Could It Go Further?,2026-08-16,Sustainability,caithness-business.co.uk,caithness-business.co.uk,https://caithness-business.co.uk/article/32864,"In my previous article I suggested that Highland Council could perhaps take an Andy Burnham-style approach to the cost of living -- looking at what it can do to reduce the everyday costs facing households rather than simply concentrating on balancing its own books.

There is an obvious ...",The Highland Council; Argyll and Bute; Council Tax; Cost of living; Highland (council area); Scotland; Local government; Caithness and Sutherland (UK Parliament constituency),"dmoz/Business/Energy; dmoz/Society/Issues; dmoz/Science/Technology/Energy; dmoz/Home/Personal Finance; dmoz/Home/Home Improvement/Energy Efficiency; news/Politics; iptc/economy, business and finance; iptc/environment",0.1450980392156862,,unclassified
Plans submitted to make Greenock McDonald's more eco friendly,2026-08-16,Sustainability,Greenock Telegraph,greenocktelegraph.co.uk,https://www.greenocktelegraph.co.uk/news/26462247.plans-submitted-make-changes-greenock-mcdonalds/,"PLANS have been submitted to make changes to a Greenock McDonald's.

The proposal seeks to install two rapid electric vehicle charging stations at the McDonald's on James Watt Way.

Made by InstaVolt Ltd, the plans include placing the equipment within the existing customer car park.

As of now, the ...",McDonald's; Greenock; Charging station; James Watt; Carbon neutrality; Scotland,"dmoz/Business/Transportation and Logistics/Traffic Control; dmoz/Shopping/Home and Garden/Do-It-Yourself; dmoz/Sports/Boomerang/Design and Construction; dmoz/Arts/Visual Arts/Installation Art; dmoz/Recreation/Autos/Audio and Alarms; iptc/economy, business and finance; iptc/science and technology; iptc/environment",0.07450980392156858,Automotive,unclassified
University decarbonises by degrees,2026-08-16,Sustainability,Cooling Post,coolingpost.com,https://www.coolingpost.com/features/university-decarbonises-by-degrees/,"UK: Birmingham City University has replaced the gas heating in its School of Health Sciences with heat pumps, as part of a wider £3.3m decarbonisation programme across the university's estate.

Delivered by principal contractor SHEco Renewable Systems in collaboration with wholesaler Kooltech and ...",Heat pump; University; Birmingham City University; Climate change mitigation; United Kingdom; Chiller; Mitsubishi Electric; Carbon neutrality,"dmoz/Business/Energy; dmoz/Business/Electronics and Electrical/Heating and Cooling; dmoz/Business/Industrial Goods and Services/Fluid Handling; dmoz/Shopping/Home and Garden/Climate Control; dmoz/Business/Mining and Drilling/Water Wells and Pumps; news/Business; iptc/economy, business and finance; iptc/labor; iptc/environment",0.1843137254901961,Energy; Wholesale,unclassified
PM urged to stick to spirit of Labour manifesto and reject Jackdaw and Rosebank,2026-08-16,Sustainability,Morning Star,morningstaronline.co.uk,https://morningstaronline.co.uk/article/pm-urged-stick-spirit-labour-manifesto-and-reject-jackdaw-and-rosebank,"STICK to the spirit of Labour's manifesto commitments, climate campaigners told the Prime Minister as the public consultation on Rosebank closes on Monday.

Stop Climate Chaos Scotland (SCCS) demanded Andy Burnham block proposed new North Sea oil fields, claiming their lifetime carbon emissions ...","Rosebank, Staten Island; Source Code Control System; Manifesto; Labour Party (UK); Andy Burnham; Greenhouse gas emissions; Stop Climate Chaos Scotland; North Sea oil",dmoz/Business/Energy/Oil and Gas; dmoz/Science/Technology/Energy; dmoz/Society/Issues/Environment; dmoz/Science/Environment/Climate Change; dmoz/Science/Environment/Carbon Cycle; news/Environment; iptc/politics and government; iptc/environment; iptc/science and technology/natural science/meteorology,-0.1372549019607843,Finance/Banking/Insurance,unclassified
Huge backlash over plan to build 40 houses on 'cricket field',2026-08-16,Sustainability,Cornwall Live,cornwalllive.com,https://www.cornwalllive.com/news/cornwall-news/cornwall-planning-huge-backlash-over-11111147,"Almost 900 people have signed a petition calling on Cornwall Council to reject a plan to build 40 new houses on land known locally as 'the Cricket Field'.

The site has been described as ""one of the few remaining areas of open green space serving the surrounding community"".

Kingsley Developments ...",Urban green space; Cornwall Council; Cricket; Cornwall; Illogan; Habitat; Biodiversity; Planning permission,"dmoz/Society/Issues; dmoz/Science/Environment; dmoz/Science/Biology/Ecology; dmoz/Science/Social Sciences/Urban and Regional Planning; dmoz/Society/Lifestyle Choices/Intentional Communities; news/Environment; iptc/economy, business and finance; iptc/environment",0.1607843137254903,,unclassified
'Ultra dangerous' disposable barbecues should be banned every summer,2026-08-16,Sustainability,"The Press, York",yorkpress.co.uk,https://www.yorkpress.co.uk/news/26464933.ultra-dangerous-disposable-barbecues-banned/,"This article is brought to you by our exclusive subscriber partnership with our sister title USA Today, and has been written by our American colleagues. It does not necessarily reflect the view of The Herald.

IT'S about time these ultra dangerous disposable barbecues were banned in weather like ...",Barbecue; National Health Service; Atlantic meridional overturning circulation; Fossil fuel; Climate change; The Herald (Glasgow); Moorland; USA Today,"dmoz/Business/Energy/Oil and Gas; dmoz/Society/Issues/Environment; dmoz/Science/Environment/Climate Change; dmoz/Science/Earth Sciences/Paleogeography and Paleoclimatology; dmoz/Science/Earth Sciences/Quaternary Studies; news/Environment; iptc/economy, business and finance; iptc/environment; iptc/science and technology/natural science",-0.02745098039215688,,unclassified
King Charles and Prince William face £10 million energy upgrades on estates | LBC,2026-08-16,Sustainability,LBC,lbc.co.uk,https://www.lbc.co.uk/article/king-charles-prince-william-10-million-energy-bill-5Hjdg6z_2/,"King Charles and Prince William might be forced to spend up to £10 million upgrading rental properties on their private estates to meet proposed energy-efficiency rules.

Under new legislation, landlords will need to ensure their properties have energy performance certificate (EPC) ratings of C or ...","William, Prince of Wales; Charles I of England; Greenhouse gas emissions; Duchy of Cornwall; Sandringham House; Duchy of Lancaster",dmoz/Science/Technology/Energy; dmoz/Business/Energy/Management; dmoz/Business/Energy/Consulting; dmoz/Science/Environment/Carbon Cycle; dmoz/Home/Home Improvement/Energy Efficiency; iptc/environment,-0.0980392156862745,Energy,unclassified
Councils to showcase services at Denbigh and Flint Show this week,2026-08-16,Sustainability,"Rhyl, Prestatyn and Abergele Journal",rhyljournal.co.uk,https://www.rhyljournal.co.uk/news/26468805.council-showcase-denbigh-flint-show-2026/,"Denbighshire County Council will showcase its services at a major event this summer.

The Denbigh and Flint Show, taking place on Thursday, August 20, 2026, at The Green in Denbigh, will give residents and visitors the chance to meet council teams and learn more about their work across the ...",Flint; Denbigh; County; Electric vehicle; Denbighshire; Denbighshire County Council; Climate change; Recycling,"dmoz/Business/Environment/Waste Management; dmoz/Science/Environment/Sustainability; dmoz/Science/Environment/Climate Change; dmoz/Science/Environment/Carbon Cycle; dmoz/Business/Automotive/Electric Vehicles; iptc/economy, business and finance; iptc/politics and government; iptc/environment",0.2784313725490195,,unclassified
Will scorching heat test nitrates rules on slurry spreading across Europe?,2026-08-16,Sustainability,Agriland.ie,agriland.ie,https://www.agriland.ie/farming-news/will-scorching-heat-test-nitrates-rules-on-slurry-spreading-across-europe/,"Farmers have spent the summer locked in a losing battle with scorching heat and drought but could they now also have to square up to push back on nutrient spreading regulations?

Parched ground and stalled grass growth have in many countries across Europe left slurry tanks full.

Farmers now face ...",Slurry; Nutrient; Nitrate; Europe; Ireland; Netherlands; Drought; Deutsche Mark,"dmoz/Society/Issues; dmoz/Science/Earth Sciences/Atmospheric Sciences; dmoz/Science/Agriculture/Sustainable Agriculture; dmoz/Science/Environment/Agriculture; dmoz/Science/Agriculture/Practices and Systems; news/Environment; iptc/environment; iptc/economy, business and finance/products and services/agriculture",-0.02745098039215688,,unclassified
Plans for 100 homes on farmland as developer promises 'more defensible green belt edge',2026-08-16,Sustainability,Kent Online,kentonline.co.uk,https://www.kentonline.co.uk/gravesend/news/plans-for-100-homes-on-farmland-as-developer-promises-more-343939/,"Check the latest public notices in your area - planning, roads and licensing

Proposals to build up to 100 homes on farmland, which left villagers ""reeling"", have now been officially sent to the council for consideration.

Ptarmigan Land Developments Ltd has submitted its planning application for ...",Istead Rise; Green belt; Arable land; Semi-detached; Green infrastructure; Hedge; Public space; Terraced house,"dmoz/Society/Issues; dmoz/Recreation/Roads and Highways; dmoz/Science/Social Sciences/Urban and Regional Planning; dmoz/Science/Environment/Sustainability; dmoz/Business/Construction and Maintenance/Residential Housing; news/Environment; iptc/economy, business and finance/products and services; iptc/environment; iptc/politics and government/government policy/interior policy",0.03529411764705892,,regulation
'Small but mighty' dehumidifier helps banish mould is cheaper than Amazon,2026-08-16,Sustainability,Surrey Advertiser Online,getsurrey.co.uk,https://www.getsurrey.co.uk/whats-on/shopping/small-mighty-dehumidifier-helps-banish-34459285,"With autumn and winter weather around the corner, many homes in the UK will suffer from damp, mould and condensation. A dehumidifier could help tackle mould growth, combat condensation and also help to dry your laundry.

And you're in luck as we've found a deal on a 'small but mighty' dehumidifier ...",Dehumidifier; Amazon (company); Condensation; Mold; Marketplace; Public limited company; Laundry; United Kingdom,"dmoz/Science/Environment; dmoz/Business/Energy/Utilities; dmoz/Shopping/Home and Garden/Climate Control; dmoz/Home/Home Improvement/Energy Efficiency; dmoz/Shopping/Home and Garden/Laundry; news/Health; iptc/economy, business and finance; iptc/environment",0.1607843137254903,,unclassified
Hotel and conference centre introduces new sustainability measures,2026-08-16,Sustainability,Redditch Advertiser,redditchadvertiser.co.uk,https://www.redditchadvertiser.co.uk/news/26459149.hillscourt-hotel-conference-centre-introduces-changes/,"Hillscourt Hotel and Conference Centre has introduced a range of new sustainability measures.

The venue has rolled out the changes to reduce its environmental impact and support eco-friendly operations across its services.

A key part of the initiative includes replacing plastic key cards with ...",Sustainability; Recycling; Environmental issues; Walnut; Environmentally friendly; Plastic; Bottled water; Biodiesel,"dmoz/Science/Environment/Water Resources; dmoz/Science/Environment/Products and Services; dmoz/Science/Environment/Sustainability; dmoz/Science/Environment/Impact Assessment; dmoz/Business/Construction and Maintenance/Environmental; news/Business; iptc/economy, business and finance; iptc/environment",0.2862745098039217,,unclassified
'Pushback on climate action is a sign we are making progress on net zero',2026-08-16,Sustainability,The Independent,independent.co.uk,https://www.independent.co.uk/climate-change/net-zero-uk-miliband-climate-crisis-stern-b3031943.html,"Two decades ago, economist Sir Nicholas Stern was asked by then chancellor Gordon Brown to carry out a review on the economics of climate change. The 700-page document that he produced would become a landmark shift in how climate change is framed: that it is an economic issue, and not just an ...","Stern (magazine); Carbon neutrality; Nicholas Stern, Baron Stern of Brentford; Stern Review; Climate change mitigation; Climate change; United Kingdom; Climate crisis","dmoz/Society/Issues; dmoz/Science/Technology/Energy; dmoz/Science/Environment/Sustainability; dmoz/Science/Environment/Climate Change; dmoz/Science/Environment/Carbon Cycle; news/Environment; iptc/environment; iptc/science and technology/natural science/meteorology; iptc/economy, business and finance/products and services/energy and resource",0.07450980392156858,,unclassified
The first 100 days of a Plaid Cymru and Reform-led Wales,2026-08-16,Sustainability,The Independent,independent.co.uk,https://www.independent.co.uk/news/uk/politics/reform-wales-plaid-cymru-senedd-b3032372.html,"Wales knew a political earthquake was coming, but when it struck, in May this year, the country's 3 million residents were still left reeling by the result.

Labour was dealt an astounding defeat in the Welsh election, losing their grip on the Senedd for the first time in 26 years. With the party ...",Member of the Senedd; Plaid Cymru; Senedd; Reform Judaism; Devolution; Labour Party (UK); Wales; Reform UK,"dmoz/Society/Issues; dmoz/Society/Politics; dmoz/Society/Activism; dmoz/Science/Environment/Climate Change; dmoz/Home/Entertaining/Party Planning; news/Politics; iptc/economy, business and finance; iptc/politics and government; iptc/environment",0.1215686274509804,,unclassified
Update on plans for massive solar farm near National Trust property,2026-08-16,Sustainability,South West Farmer,southwestfarmer.co.uk,https://www.southwestfarmer.co.uk/news/26463065.update-plans-massive-solar-farm-near-national-trust/,"Controversial proposals to cover an area of Wiltshire countryside the size of 24 football pitches with solar panels will be decided by a planning inspector sitting in Trowbridge next month.

The proposal, put forward by Blue Stone Renewables I Ltd, involves the installation of more than 31,000 solar ...",National Trust for Places of Historic Interest or Natural Beauty; Photovoltaic power station; Solar panel; Battery storage power station; Wiltshire Council; Hectare; Councillor; Great Chalfield Manor,"dmoz/Science/Technology/Energy; dmoz/Business/Energy/Renewable; dmoz/Science/Social Sciences/Urban and Regional Planning; dmoz/Home/Emergency Preparation/Equipment; dmoz/Business/Management/Strategic Management; news/Politics; iptc/economy, business and finance; iptc/environment",0.08235294117647052,Energy,unclassified
How North Yorkshire can help turn back the clock on climate change,2026-08-16,Sustainability,D&S,darlingtonandstocktontimes.co.uk,https://www.darlingtonandstocktontimes.co.uk/news/26445030.bilsdale-show-highlight-sustainable-farming-projects/,"Back to the future - how we can progress to living within our environmental means.

In North Yorkshire, we have an extensive rural landscape of over 8,000 square kilometres that can support climate change mitigation and adaptation through peatland restoration, large-scale tree planting, and ...",Sustainable agriculture; Land use; Ecosystem; Land-use framework regions of Alberta; Overconsumption (economics); Nature-based solutions; Earth Overshoot Day; Mire,"dmoz/Society/Issues/Environment; dmoz/Science/Environment/Sustainability; dmoz/Science/Environment/Climate Change; dmoz/Science/Environment/Carbon Cycle; dmoz/Science/Environment/Agriculture; news/Environment; iptc/economy, business and finance; iptc/environment; iptc/science and technology/natural science",0.3803921568627451,,unclassified
'Landmark' £1.5 million eco-friendly property hits the market,2026-08-16,Sustainability,Hereford Times,herefordtimes.com,https://www.herefordtimes.com/news/26456841.1-5-million-5-bed-eco-property-sale-hartpury/,"A ""landmark"" eco-friendly house has gone on the market for £1.5 million.

The ""passive"" house, called Marlyn House, was designed with sustainability in mind.

It has four to five bedrooms, a double garage with room above, a workshop, and a three-bay carport.

The house in Hartpury was ""designed and ...",Hartpury; ZPG Ltd; Estate agent; Passive house; Living room; Sustainability; Carport; Pantry,"dmoz/Shopping/Home and Garden; dmoz/Science/Environment/Sustainability; dmoz/Home/Home Improvement/Restoration; dmoz/Computers/Artificial Intelligence/Agents; dmoz/Computers/Programming/Agents; news/Business; iptc/economy, business and finance/products and services/construction and property; iptc/environment",0.1058823529411765,,unclassified
Energy Efficiency,2026-08-16,Sustainability,No2NuclearPower,no2nuclearpower.org.uk,https://www.no2nuclearpower.org.uk/news/energy-efficiency-16-8-26/,"More than 100 homes on the inherited royal estates of King Charles and Prince William fail to meet the legal minimum energy standards for landlords, the Guardian can reveal. An analysis of a large sample of domestic lets on the duchies of Lancaster and Cornwall and the Sandringham estate found that ...","Charles I of England; Landlord; Efficient energy use; William, Prince of Wales; Energy performance certificate; Sandringham House; Duchy; Cornwall","dmoz/Science/Technology/Energy; dmoz/Business/Energy/Consulting; dmoz/Science/Environment/Carbon Cycle; dmoz/Home/Home Improvement/Energy Efficiency; dmoz/Science/Environment/Impact Assessment; iptc/economy, business and finance; iptc/environment; iptc/science and technology/natural science",0.08235294117647052,Energy,unclassified
Major housing proposal delayed over concerns about application,2026-08-16,Sustainability,Hampshire Chronicle,hampshirechronicle.co.uk,https://www.hampshirechronicle.co.uk/news/26458315.major-housing-development-hampshire-put-hold/,"Plans for hundreds of homes east of Broadleaf Park in Rownhams have been deferred after councillors questioned the application's scope.

The outline scheme by applicants Commercial Estates Projects Ltd, which includes up to 230 homes, affordable housing, public open space and related infrastructure, ...",Natural England; Councillor; Rownhams; Outline (list); Test Valley; Ward (electoral subdivision); Affordable housing; Public housing,dmoz/Recreation/Roads and Highways; dmoz/Science/Social Sciences/Urban and Regional Planning; dmoz/Business/Real Estate/Residential; dmoz/Business/Construction and Maintenance/Residential Housing; dmoz/Society/Issues/Housing; news/Politics; iptc/politics and government; iptc/environment,0.05098039215686279,,unclassified
Europe's heatwaves expose insurance gap as business losses mount,2026-08-16,Sustainability,Market Screener,marketscreener.com,https://www.marketscreener.com/news/europe-s-heatwaves-expose-insurance-gap-as-business-losses-mount-ce7859dfdf88f325,"LONDON/MILAN, Aug 16 (Reuters) - For more than a century, cafes in the Italian city of Padua have welcomed customers for an early evening drink, or aperitivo, encouraging them to sit outside and socialise before dinner.

As Europe bakes under its fifth heatwave of the year, the traditional 6-7 p.m. ...","Hospitality; Heat wave; Europe; Insurance; Padua; Luni, Italy; Italy; Business interruption insurance","dmoz/Science/Environment; dmoz/Business/Financial Services/Insurance; dmoz/Society/Issues/Business; dmoz/Home/Personal Finance/Insurance; dmoz/Business/Small Business/Consulting; news/Business; iptc/economy, business and finance; iptc/environment; iptc/science and technology/natural science/meteorology",-0.207843137254902,Finance/Banking/Insurance,unclassified
Mayor urged to withdraw support for A38 expansion amid growing criticism,2026-08-16,Sustainability,Derby Telegraph,derbytelegraph.co.uk,https://www.derbytelegraph.co.uk/news/derby-news/calls-grow-east-midlands-mayor-11109794,"Angry campaigners want her to invest in alternatives that will 'reduce congestion, lower carbon emissions and improve air quality'

Campaigners have called on East Midlands Mayor Claire Ward to withdraw her support for the controversial A38 expansion project after she urged the new PM to overturn ...",Greenhouse gas emissions; Claire Ward; Ward (electoral subdivision); A38 road; Mayor; East Midlands; Derby; Air pollution,"dmoz/Society/Issues; dmoz/Recreation/Roads and Highways; dmoz/Science/Environment/Climate Change; dmoz/Science/Environment/Air Quality; dmoz/Science/Environment/Carbon Cycle; news/Business; iptc/economy, business and finance; iptc/politics and government; iptc/environment",-0.0980392156862745,,trend
Over 1 in 5 steers graded 'O-' or below in first half of 2026,2026-08-16,Sustainability,Agriland.ie,agriland.ie,https://www.agriland.ie/farming-news/over-1-in-5-steers-graded-o-or-below-in-first-half-of-2026/,"Over 1 in 5 or 20% of the steers slaughtered in Ireland in the first half of 2026 graded an 'O-' or below, according to figures from the Department of Agriculture, Food and the Marine (DAFM).

Animals grading an 'O-' or below generally do not qualify for Quality Assurance, breed, or sustainability ...","Cattle; Department of Agriculture, Food and the Marine; Breed; Sustainability; Ireland; Fat; Beef; Culling","dmoz/Science/Technology/Food Science; dmoz/Society/Issues/Animal Welfare; dmoz/Shopping/Holidays/New Year; news/Business; iptc/economy, business and finance; iptc/sport; iptc/environment",-0.0117647058823529,,unclassified
"Plans submitted for solar farm that could power 16,400 homes in Darlington",2026-08-16,Sustainability,The Northern Echo,thenorthernecho.co.uk,https://www.thenorthernecho.co.uk/news/26466061.hurworth-moor-solar-farm-plan-submitted-darlington-council/,"Plans have been submitted for a solar farm which could generate enough renewable electricity to power up to 16,400 Darlington homes.

Elgin Energy Es Co has applied to Darlington Borough Council for permission to build the scheme on land east of Low Maidendale Farm, in Hurworth Moor.

The proposed ...","Moorland; Photovoltaic power station; Renewable energy; Solar panel; Darlington; Elgin, Moray; Borough of Darlington; Grazing","dmoz/Science/Technology/Energy; dmoz/Business/Energy/Management; dmoz/Business/Energy/Consulting; dmoz/Business/Energy/Renewable; dmoz/Home/Home Improvement/Energy Efficiency; news/Business; iptc/environment; iptc/economy, business and finance/products and services/energy and resource",0.3176470588235294,Energy,unclassified
Plans to cut back projects to 'reduce energy bills' slammed,2026-08-16,Sustainability,Essex Live,essexlive.news,https://www.essexlive.news/news/essex-news/irresponsible-plans-cut-back-projects-11103222,"The county council say that the plan to stop discretionary net zero policy commitments will save it £3million a year

A decision by Essex County Council to remove net zero and greenhouse gas reduction policies - including those that are hoped to reduce energy bills - has been slammed as ""very ...",Essex County Council; Carbon neutrality; County council; Councillor; Essex; Climate change mitigation; Public health; Liberal Democrats (UK),"dmoz/Society/Issues; dmoz/Science/Environment/Climate Change; dmoz/Society/Philanthropy/Child Welfare; dmoz/Recreation/Camps/Europe; dmoz/Health/Public Health and Safety/Education; news/Politics; iptc/economy, business and finance; iptc/environment; iptc/politics and government/government policy",0.1686274509803922,Energy,regulation
'Burnham can take panels up north': Councillors oppose Kent's biggest solar farm,2026-08-16,Sustainability,Kent Online,kentonline.co.uk,https://www.kentonline.co.uk/romney-marsh/news/burnham-can-take-panels-up-north-councillors-oppose-kent-343949/,"Check the latest public notices in your area - planning, roads and licensing

Councillors have objected to plans for Kent's biggest solar farm, urging new Prime Minister Andy Burnham to take the project ""up north"" instead of building it in the county.

EDF Power Solutions UK and PS Renewables put ...",Andy Burnham; Photovoltaic power station; Acre; Councillor; Romney Marsh; Lydd; Folkestone and Hythe District; County,"dmoz/Society/Issues; dmoz/Science/Environment; dmoz/Science/Technology/Energy; dmoz/Business/Energy/Renewable; dmoz/Science/Social Sciences/Urban and Regional Planning; news/Environment; iptc/economy, business and finance; iptc/environment",0.01960784313725483,Energy,unclassified
Regional charity appoints two new trustees to help nature and communities thrive,2026-08-16,Sustainability,Daily Echo Sport,bournemouthecho.co.uk,https://www.bournemouthecho.co.uk/news/26464950.south-west-lakes-trust-charity-welcomed-two-new-trustees/,"Corinne Farrell and Carolyn Cadman attended their first board meeting in July at Roadford Lake.

They were joined by Nathan Strathdee, a PhD student and the first participant in the charity's Future Trustee Development Programme.

John Lee OBE DL, chair of South West Lakes Trust's Board of Trustees, ...",South West England; Charitable organization; Roadford Lake; Order of the British Empire; Doctor of Philosophy; Landscape; Wildlife; South West Water,dmoz/Science/Environment; dmoz/Society/Issues/Environment; dmoz/Business/Environment/Engineering; dmoz/Business/Environment/Environmental Management Systems - ISO 14000; dmoz/Society/Work/Work and Family; news/Health; iptc/human interest; iptc/environment; iptc/society/welfare/charity,0.5607843137254902,,unclassified
Major new North Sea oil and gas drilling licences could be granted within weeks,2026-08-16,Sustainability,Daily Record,dailyrecord.co.uk,https://www.dailyrecord.co.uk/news/major-new-north-sea-oil-37555881,"The controversial Jackdaw and Rosebank fields would secure around 3500 Scottish jobs and boost the UK economy by £28billion over their lifetime.

Major new North Sea oil and gas drilling licences could be granted within weeks, the Sunday Mail understands.

The controversial Jackdaw and Rosebank ...","Rosebank, Staten Island; Andy Burnham; North Sea oil; Energy security; Economy of the United Kingdom; Scotland; United Kingdom; Aberdeen","dmoz/Business/Energy/Oil and Gas; dmoz/Society/Issues; dmoz/Science/Technology/Energy; dmoz/Business/Energy/Consulting; dmoz/Science/Environment/Climate Change; news/Politics; iptc/environment; iptc/economy, business and finance/products and services/energy and resource",0.3803921568627451,Finance/Banking/Insurance,unclassified
The Battle Over North Sea Oil Is Heating Up Under Britain's New PM,2026-08-15,Sustainability,OilPrice.com,oilprice.com,https://oilprice.com/Energy/Energy-General/The-Battle-Over-North-Sea-Oil-Is-Heating-Up-Under-Britains-New-PM.html,"Allowing either project to proceed could provoke opposition within Labour, while supporters argue domestic production would reduce reliance on imported energy.

With a new Prime Minister in office, it is uncertain whether the United Kingdom will continue accelerating its green transition or ...","Rosebank, Staten Island; Andy Burnham; North Sea oil; Labour Party (UK); Fossil fuel; United Kingdom; Oil well; Heat wave","dmoz/Business/Energy/Oil and Gas; dmoz/Science/Technology/Energy; dmoz/Society/Issues/Environment; dmoz/Business/Energy/Consulting; dmoz/Science/Environment/Climate Change; news/Environment; iptc/environment; iptc/science and technology/natural science; iptc/economy, business and finance/products and services/energy and resource",0.223529411764706,Energy,unclassified
Greenock cricket crowdfunder update as club eyes 'transformational' project,2026-08-15,Sustainability,Greenock Telegraph,greenocktelegraph.co.uk,https://www.greenocktelegraph.co.uk/sport/26464412.greenock-cricket-club-crowdfunder-raises-34-000-2-weeks/,"Greenock Cricket Club's crowdfunding campaign has raised almost £35,000 in its first two weeks as the club works towards delivering a 'transformational' sustainability project.

Earlier this summer Greenock became the only sports club in Scotland to secure funding through the British Gas Energy For ...",Glenpark Cricket Ground; Crowdfunding; British Gas; Sustainability; Greenock; Scotland; Environmental issues; Building insulation,dmoz/Business/Energy; dmoz/Science/Technology/Energy; dmoz/Science/Environment/Sustainability; dmoz/Sports/Cricket; dmoz/Home/Home Improvement/Energy Efficiency; news/Business; iptc/sport; iptc/environment,0.4588235294117646,Energy,unclassified
A completely different reality: Luxembourg's Yannick Kayser documents human rights situation in Colombia,2026-08-15,Sustainability,RTL Today,today.rtl.lu,https://today.rtl.lu/news/world/luxembourgs-yannick-kayser-documents-human-rights-situation-in-colombia-264785773,"Colombia has recently come under international scrutiny following a devastating earthquake, but ongoing challenges persist, with locals displaying remarkable hospitality despite adversity.

A major earthquake in Colombia recently claimed over 200 lives, thus drawing the world's attention beyond ...",Earthquake; Human rights; Colombia; Agriculture; Luxembourg; Humanitarian aid; Natural disaster; Effects of climate change,"dmoz/Society/Issues; dmoz/Science/Environment/Sustainability; dmoz/Science/Agriculture/Sustainable Agriculture; dmoz/Science/Environment/Climate Change; dmoz/Society/Activism/In Daily Life; news/Business; iptc/economy, business and finance; iptc/environment; iptc/science and technology/natural science",0.01960784313725483,Healthcare,unclassified
EON confirms £600 savings for customers using one household device,2026-08-15,Sustainability,Birmingham Mail,birminghammail.co.uk,https://www.birminghammail.co.uk/news/cost-of-living/eon-confirms-600-savings-customers-34384150,"E.ON Next has seen solar installations rise 151% in the first half of 2026.

The UK has recorded more new solar power installations in the first half of this year than in any six-month period since 2011. E.ON Next has seen solar installations rise 151% in the first half of 2026.

E.ON Next customers ...",E.ON UK; United Kingdom; Battery storage power station; Solar power; John Healey (politician); Feed-in tariffs in the United Kingdom; Great Britain; Octopus Energy,"dmoz/Science/Technology/Energy; dmoz/Business/Energy/Management; dmoz/Business/Energy/Consulting; dmoz/Business/Energy/Renewable; dmoz/Home/Home Improvement/Energy Efficiency; news/Politics; iptc/economy, business and finance; iptc/politics and government; iptc/environment",0.3725490196078431,Energy,unclassified
Train derailments show rail network 'unprepared for climate crisis' - AOL,2026-08-15,Sustainability,AOL.com,aol.co.uk,https://www.aol.co.uk/articles/train-derailments-show-rail-network-112820000.html,"A transport union has called for urgent talks with Andy Burnham amid fears over rail safety and after two derailments in the heatwave.

Maryam Eslamdoust, General Secretary Transport Salaried Staffs' Association (TSSA), demanded more funding for staff, and warned reducing investment would not help ...",Transport Salaried Staffs' Association; Derailment; Climate change; Lewes; Andy Burnham; Wickford railway station; General Secretary of the Chinese Communist Party; Greater Anglia (train operating company),"dmoz/Society/Issues/Transportation; dmoz/Science/Earth Sciences/Atmospheric Sciences; dmoz/Business/Transportation and Logistics/Rail; dmoz/Science/Environment/Climate Change; dmoz/Recreation/Trains and Railroads; news/Environment; iptc/economy, business and finance/products and services/transport; iptc/environment; iptc/disaster, accident and emergency incident/emergency incident",-0.2392156862745098,,unclassified
Train derailments show rail network 'unprepared for climate crisis',2026-08-15,Sustainability,Mirror,mirror.co.uk,https://www.mirror.co.uk/news/politics/train-derailments-burnham-climate-crisis-37555361,"EXCLUSIVE: Maryam Eslamdoust, General Secretary Transport Salaried Staffs' Association, warned reducing investment would not help meet the issues caused by the 'climate crisis'

A transport union has called for urgent talks with Andy Burnham amid fears over rail safety and after two derailments in ...",General Secretary of the Chinese Communist Party; Climate crisis; Transport Salaried Staffs' Association; Derailment; Andy Burnham; Wickford railway station; Greater Anglia (train operating company); Essex,"dmoz/Society/Issues/Transportation; dmoz/Science/Earth Sciences/Atmospheric Sciences; dmoz/Business/Transportation and Logistics/Rail; dmoz/Science/Environment/Climate Change; dmoz/Recreation/Trains and Railroads; news/Environment; iptc/economy, business and finance/products and services/transport; iptc/environment",-0.2627450980392156,,unclassified
Why Now is The Time for Heat Networks in Wales,2026-08-15,Sustainability,Business News Wales,businessnewswales.com,https://businessnewswales.com/why-now-is-the-time-for-heat-networks-in-wales/,"Every so often a policy decision comes along that changes the conversation and, for heat networks in Wales, this is one of those moments.

According to Wales' Heat Strategy, heat accounts for around 50% of the country's energy use, yet more than 85% of Welsh households still rely on fossil fuels for ...",Fossil fuel; Wales; Carbon neutrality; Energy security; Low-carbon economy; Government of the United Kingdom; Cardiff; Coal mining,"dmoz/Society/Issues; dmoz/Science/Technology/Energy; dmoz/Science/Environment/Carbon Cycle; dmoz/Business/Energy/Services; dmoz/Home/Home Improvement/Energy Efficiency; news/Politics; iptc/environment; iptc/science and technology/natural science/meteorology; iptc/economy, business and finance/products and services/energy and resource",0.3647058823529412,Energy,unclassified
First Minister Welcomes Japanese Investors Exploring Opportunities in Wales' Agri-Food Sector,2026-08-15,Sustainability,Business News Wales,businessnewswales.com,https://businessnewswales.com/first-minister-welcomes-japanese-investors-exploring-opportunities-in-wales-agri-food-sector/,"Wales has welcomed a delegation of Japanese investors exploring opportunities within the country's food, farming and agri-tech sectors, as part of a visit showcasing it as a destination for inward investment, innovation and sustainable food production.

The delegation met with First Minister Rhun ap ...",Rhun ap Iorwerth; First Minister of Scotland; Food industry; Agriculture; Wales; Japan; Sustainable food system; Royal Welsh Show,"dmoz/Science/Technology/Food Science; dmoz/Business/Food and Related Products/Consulting; dmoz/Science/Agriculture; dmoz/Business/Investing/Socially Responsible; dmoz/Science/Environment/Agriculture; news/Politics; iptc/economy, business and finance; iptc/science and technology; iptc/environment",0.6000000000000001,,market move
Sadiq Khan issues challenge to Andy Burnham over net zero goals,2026-08-15,Sustainability,getwestlondon,mylondon.news,https://www.mylondon.news/news/uk-world-news/sadiq-khan-issues-challenge-andy-34464309,"'...that's why we need reassurance from the Government that they won't slow down on net zero or reducing our reliance on oil and gas and that they'll continue accelerating the green investment we need to get our country and planet back on track'

Andy Burnham has been warned not to ""slow down on net ...",Andy Burnham; Carbon neutrality; Fossil fuel; Sadiq Khan; Climate change; North Sea oil; Extreme weather; Mayor of London,"dmoz/Business/Energy/Oil and Gas; dmoz/Science/Technology/Energy; dmoz/Society/Issues/Environment; dmoz/Science/Environment/Climate Change; dmoz/Business/Automotive/Electric Vehicles; news/Politics; iptc/economy, business and finance; iptc/environment; iptc/science and technology/natural science",0.1372549019607843,Public/Gov,unclassified
Khan issues challenge to Burnham not to back away from net-zero goals,2026-08-15,Sustainability,Lynn News,lynnnews.co.uk,https://www.lynnnews.co.uk/national/khan-issues-challenge-to-burnham-not-to-back-away-from-net-zero-goals-170580/,"Andy Burnham has been warned not to ""slow down on net zero"" by London Mayor Sir Sadiq Khan, who argued the heatwave and wildfires showed the need for action on climate change.

The Prime Minister has acknowledged the devastation caused by the extreme weather is due to climate change but has faced ...",Andy Burnham; Carbon neutrality; Fossil fuel; Sadiq Khan; Climate change; North Sea oil; Wildfire; Life peer,"dmoz/Business/Energy/Oil and Gas; dmoz/Science/Technology/Energy; dmoz/Society/Issues/Environment; dmoz/Science/Environment/Climate Change; dmoz/Business/Automotive/Electric Vehicles; news/Politics; iptc/economy, business and finance; iptc/environment; iptc/science and technology/natural science/meteorology",0.1058823529411765,,unclassified
Tesla opens new Supercharger station with eight stalls in Limerick,2026-08-15,Sustainability,"Limerick Today: News, Sport, Jobs, Property, Cars, Entertainments & More",limerickleader.ie,https://www.limerickleader.ie/news/planning/tesla-opens-new-supercharger-station-with-eight-stalls-in-limerick-8911801,"Located at MJ Finnegans, just off the M7 at exit 28, the V4 Supercharging station now delivers charging speeds of up to 250kW for both Tesla and non-Tesla drivers

TESLA has announced the opening of eight new Supercharger stalls at its newest site in County Limerick.

Located at MJ Finnegans, just ...","Tesla, Inc.; Joule; Supercharger; Electric vehicle; Limerick; Counties of Ireland; Ireland; County Limerick","dmoz/Business/Energy; dmoz/Science/Technology/Energy; dmoz/Home/Home Improvement/Energy Efficiency; dmoz/Business/Automotive/Electric Vehicles; dmoz/Computers/Software/Device Drivers; news/Business; iptc/environment; iptc/economy, business and finance/products and services/manufacturing and engineering",0.223529411764706,,unclassified
Energy Policy,2026-08-15,Sustainability,No2NuclearPower,no2nuclearpower.org.uk,https://www.no2nuclearpower.org.uk/news/energy-policy-15-8-26/,"Miliband's hard-Left interns now run our energy policy. What could go wrong? The retreat on electric cars is a fig leaf. Britain's new energy ministers are net zero zealots. The reality of who is now pulling the levers of Britain's energy infrastructure is deeply alarming, reading like a reunion ...",Energy policy; Labour Party (UK); Miatta Fahnbulleh (economist); New Economics Foundation; Carbon neutrality; Energy development; Think tank; Electric car,dmoz/Science/Technology/Energy; dmoz/Society/Issues/Environment; dmoz/Science/Environment/Climate Change; dmoz/Home/Home Improvement/Energy Efficiency; dmoz/Shopping/Niche/Left-Handed Products; news/Politics; iptc/politics and government; iptc/environment; iptc/science and technology/natural science/meteorology,0.06666666666666665,Energy,regulation
Climate Policy,2026-08-15,Sustainability,No2NuclearPower,no2nuclearpower.org.uk,https://www.no2nuclearpower.org.uk/news/climate-policy-15-8-26/,"Why did the government suppress a report written by senior intelligence officials which named climate and nature collapse as a national security threat? How could ecosystem collapse lead to empty super market shelves, water scarcity and increased risk of conflict? And, ultimately, why has this not ...",Andy Burnham; Barbecue; Prime Minister of the United Kingdom; England and Wales; Wildfire; Stourbridge; United Kingdom; Climate crisis,"dmoz/Business/Energy; dmoz/Society/Issues; dmoz/Science/Technology/Energy; dmoz/Science/Environment/Climate Change; dmoz/Home/Emergency Preparation; news/Environment; iptc/environment; iptc/science and technology/natural science/meteorology; iptc/disaster, accident and emergency incident/disaster",0.0117647058823529,Public/Gov,regulation
Almost 900 people sign petition against building 40 houses on 'cricket field',2026-08-15,Sustainability,Cornwall Packet,falmouthpacket.co.uk,https://www.falmouthpacket.co.uk/news/26466862.petition-reject-40-houses-cricket-field-redruth/,"Almost 900 people have signed a petition calling on Cornwall Council to reject a plan to build 40 new houses on land known locally as 'the Cricket Field'.

The site has been described as ""one of the few remaining areas of open green space serving the surrounding community"".

Kingsley Developments ...",Urban green space; Cornwall Council; Cricket; Illogan; Redruth; Habitat; Parish council (England); Plant nursery,dmoz/Science/Environment/Biodiversity; dmoz/Society/Issues/Environment; dmoz/Science/Biology/Ecology; dmoz/Science/Environment/Sustainability; dmoz/Society/Lifestyle Choices/Intentional Communities; news/Environment; iptc/politics and government; iptc/human interest; iptc/environment,0.1058823529411765,,unclassified
Andy Burnham warned to scrap woke green policies as they 'make wildfires worse',2026-08-15,Sustainability,EXPRESS,express.co.uk,https://www.express.co.uk/news/politics/2239392/andy-burnham-scrap-green-policies,"While soaring temperatures and drought conditions have been blamed for increasing the risk of fires, rural campaigners argue that changes in how upland landscapes are managed could also be contributing to the problem.

Large areas of the UK's uplands are covered by peatland, where vegetation can ...","Highland; Country Land and Business Association; Wildfire; Department for Environment, Food and Rural Affairs; Peat; Vegetation; Countryside Alliance; Mire","dmoz/Society/Issues; dmoz/Science/Earth Sciences/Atmospheric Sciences; dmoz/Science/Environment/Climate Change; dmoz/Home/Emergency Preparation; dmoz/Science/Earth Sciences/Paleogeography and Paleoclimatology; news/Environment; iptc/environment; iptc/disaster, accident and emergency incident/disaster/fire",-0.3176470588235294,,unclassified
The Hull fashion brand using recycled materials to make catwalk-worthy clothing,2026-08-15,Sustainability,Hull Daily Mail,hulldailymail.co.uk,https://www.hulldailymail.co.uk/news/hull-east-yorkshire-news/hull-fashion-brand-using-thrown-11099144,"Exiled's team of Hull-based innovators are turning the linear fashion industry on its head

Next month a team of designers and textiles experts from Hull will travel to London Fashion Week, armed with an exhibition of garments, accessories and homeware - all made from items that have otherwise been ...",Textile; Kingston upon Hull; Fashion; Amazon (company); Boot; Plastic; London Fashion Week; Personal protective equipment,"dmoz/Shopping; dmoz/Business/Industrial Goods and Services; dmoz/Business/Environment/Waste Management; dmoz/Business/Consumer Goods and Services/Clothing; dmoz/Business/Textiles and Nonwovens; news/Business; iptc/environment; iptc/economy, business and finance/products and services/process industry; iptc/arts, culture, entertainment and media/arts and entertainment/fashion",0.05098039215686279,,unclassified
First biomethane plant directly to the national gas network in Dublin,2026-08-15,Sustainability,The Avondhu Newspaper,avondhupress.ie,https://avondhupress.ie/first-biomethane-plant-directly-to-the-national-gas-network-in-dublin/,"Gas Networks Ireland and Bia Energy have reached a major milestone in Ireland's energy transition with the announcement this week of the successful connection of Bia Energy's €90 million renewable biomethane gas facility in Huntstown, Co. Dublin to the national gas network.

This marks the first ...",Ervia; Renewable natural gas; Plant; Natural gas; Euro; Energy transition; Dublin; County Dublin,"dmoz/Business/Energy; dmoz/Science/Technology/Energy; dmoz/Science/Agriculture/Sustainable Agriculture; dmoz/Home/Home Improvement/Energy Efficiency; dmoz/Science/Environment/Agriculture; news/Business; iptc/environment; iptc/economy, business and finance/products and services/energy and resource",0.4352941176470588,Energy,unclassified
Community attacks substation as Glen Affric fire hazard,2026-08-15,Sustainability,The Herald,heraldscotland.com,https://www.heraldscotland.com/news/26461852.community-slams-grid-substation-glen-affric-wildfire-hazard/,"The Scottish and Southern Electricity Networks (SSEN) substation was approved by Highland Council earlier this year, but Strathglass Community Council is challenging the design adopted. The 10 hectare grid development is in an area of high wildfire risk, which only three years ago saw the massive ...",Strathglass; National nature reserve (United Kingdom); Glen Affric; Switchgear; Peat; Geographic information system; Electrical substation; Vegetation,"dmoz/Business/Energy; dmoz/Society/Issues; dmoz/Science/Environment; dmoz/Science/Earth Sciences; dmoz/Science/Technology/Energy; news/Environment; iptc/economy, business and finance/products and services; iptc/environment; iptc/science and technology/natural science",-0.1450980392156863,,unclassified
5 years of fossil-free heating: how a village proved the power of HVO,2026-08-15,Sustainability,Manchester Evening News,manchestereveningnews.co.uk,https://www.manchestereveningnews.co.uk/special-features/5-years-fossil-free-heating-34386138,"Five years ago, the off-grid village of Kehelland began a groundbreaking trial with local distributor Mitchell & Webber, swapping kerosene heating oil for hydrotreated vegetable oil (HVO).

As the trial reaches its five-year mark, it provides rare, real-world proof that rural net zero doesn't have ...",Kehelland; Croatian Defence Council; Boiler; Kerosene; Granite; United Kingdom; Heat pump; Carbon neutrality,"dmoz/Business/Energy; dmoz/Society/Issues; dmoz/Science/Technology/Energy; dmoz/Business/Electronics and Electrical/Heating and Cooling; dmoz/Science/Environment/Carbon Cycle; news/Environment; iptc/environment; iptc/economy, business and finance/products and services/agriculture; iptc/economy, business and finance/products and services/energy and resource",-0.1137254901960785,,unclassified
5 years of fossil-free heating: how a village in the South West proved the power of HVO,2026-08-15,Sustainability,Plymouth Herald,plymouthherald.co.uk,https://www.plymouthherald.co.uk/special-features/5-years-fossil-free-heating-11087814,"Five years ago, the off-grid village of Kehelland began a groundbreaking trial with local distributor Mitchell & Webber, swapping kerosene heating oil for hydrotreated vegetable oil (HVO).

As the trial reaches its five-year mark, it provides rare, real-world proof that rural net zero doesn't have ...",Kehelland; Croatian Defence Council; Heat pump; Boiler; Kerosene; Granite; United Kingdom; Carbon neutrality,"dmoz/Business/Energy; dmoz/Society/Issues; dmoz/Science/Technology/Energy; dmoz/Business/Electronics and Electrical/Heating and Cooling; dmoz/Science/Environment/Carbon Cycle; news/Environment; iptc/economy, business and finance/products and services; iptc/environment",-0.1137254901960785,,unclassified
Millions of Trees for British Electricity: Is Drax Really the Green Solution?,2026-08-15,Sustainability,caithness-business.co.uk,caithness-business.co.uk,https://caithness-business.co.uk/article/32856,"Britain is spending billions supporting a power station that burns enormous quantities of wood to produce electricity. Now Drax wants to add carbon capture to the process, potentially turning one of Britain's most controversial power stations into a giant carbon-removal project.

It sounds ...",Bioenergy with carbon capture and storage; Drax Power Station; Pellet fuel; Biomass; Forestry; Carbon capture and storage; Supply chain; Sustainability,"dmoz/Society/Issues; dmoz/Science/Technology/Energy; dmoz/Science/Agriculture/Forestry; dmoz/Science/Environment/Carbon Cycle; dmoz/Science/Environment/Forests and Rainforests; news/Environment; iptc/environment; iptc/science and technology/natural science; iptc/economy, business and finance/products and services/energy and resource",0.0980392156862746,,unclassified
Andy Burnham urged to resist calls to block Rosebank and Jackdaw oil and gas fields,2026-08-15,Sustainability,The Scotsman,scotsman.com,https://www.scotsman.com/news/scottish-news/andy-burnham-urged-to-resist-calls-to-block-rosebank-and-jackdaw-oil-and-gas-fields-8922530,"Prime Minister stresses need to 'face up to the changing climate' and for 'clean energy' in wake of summer heatwaves

Andy Burnham has been urged resist calls to block new oil and gas fields in the North Sea because of concerns over climate change heightened by this summer's heatwaves.

A ...","Rosebank, Staten Island; Andy Burnham; North Sea; Sustainable energy; Heat wave; Fossil fuel; United Kingdom; Pragmatism","dmoz/Business/Energy/Oil and Gas; dmoz/Society/Issues/Environment; dmoz/Business/Energy/Consulting; dmoz/Science/Environment/Climate Change; dmoz/Science/Environment/Carbon Cycle; news/Environment; iptc/environment; iptc/science and technology/natural science/meteorology; iptc/economy, business and finance/products and services/energy and resource",0.003921568627450966,Finance/Banking/Insurance; Energy,unclassified
Lochalsh 'eco-village' bid gets £85k boost,2026-08-15,Sustainability,RossShire Journal,ross-shirejournal.co.uk,https://www.ross-shirejournal.co.uk/news/lochalsh-eco-village-bid-gets-85k-boost-442422/,"COMMUNITY regeneration funding totalling £126,000 will breathe life into a variety of projects across one of Ross-shire's largest council wards.

A project aiming to create affordable housing, new woodland crofts, business units and a community growing area in one of Ross-shire's most economically ...","Loch Alsh; Wester Ross, Strathpeffer and Lochalsh (ward); Croft (land); Woodland; Highland (council area); Ratagan; Loch Duich; Area committee","dmoz/Society/Philanthropy; dmoz/Business/Real Estate/Residential; dmoz/Science/Environment/Sustainability; dmoz/Society/Issues/Housing; dmoz/Society/Lifestyle Choices/Intentional Communities; news/Business; iptc/economy, business and finance; iptc/environment",0.6627450980392158,,unclassified
'We're fiddling while the world burns': Inside Labour's climate splits,2026-08-15,Sustainability,inews.co.uk,inews.co.uk,https://inews.co.uk/news/politics/world-burns-inside-labours-climate-divisions-4702247,"Like all Prime Ministers, Andy Burnham is finding that events can upset even the best laid plans.

On Friday the PM was diverted from his cost of living tour around the UK, to view the devastation in Stourbridge, where 19 homes were completely destroyed after wild grassland fires caught up with ...",Member of parliament; Andy Burnham; Ed Miliband; Carbon neutrality; North Sea; Prime Minister of the United Kingdom; Manifesto; Labour Party (UK),"dmoz/Business/Energy; dmoz/Society/Issues; dmoz/Science/Earth Sciences; dmoz/Science/Technology/Energy; dmoz/Science/Environment/Climate Change; news/Politics; iptc/environment; iptc/science and technology/natural science/meteorology; iptc/economy, business and finance/products and services/energy and resource",-0.09019607843137256,,unclassified
Paradise lost: Tourist taxes and the price of visiting beautiful places,2026-08-15,Sustainability,Irish Examiner,irishexaminer.com,https://www.irishexaminer.com/lifestyle/outdoors/arid-41896384.html,"Tourist taxes are cropping up from Venice to New Zealand. On the face of it, the logic is hard to argue with. Tourists put pressure on places, so tourists should help pay to protect them. And there is plenty to pay for. Tourism is often treated as a relatively benign industry because its ...",Tourism; New Zealand; Conservation biology; Public transport; Euro; Visa policy of New Zealand; Greenhouse gas emissions; Environmental issues,"dmoz/Science/Environment; dmoz/Society/Issues/Economic; dmoz/Society/Issues/Business; dmoz/Society/Issues/Environment; dmoz/Society/Activism/In Daily Life; news/Business; iptc/lifestyle and leisure; iptc/economy, business and finance/products and services/tourism and leisure industry; iptc/environment",0.2941176470588236,,unclassified
Water shortage 'emergency' hits farms amid prolonged hot weather,2026-08-15,Sustainability,South Wales Argus,southwalesargus.co.uk,https://www.southwalesargus.co.uk/news/26465086.farmers-across-wales-facing-emergency-water-shortage/,"A water shortage crisis is threatening farms across Wales, including Gwent, amid prolonged hot weather.

CLA Cymru, which represents more than 3,000 members across Wales, has warned that an emergency is developing that requires urgent attention.

The organisation has written to Llyr Gruffydd MS, ...",Water scarcity; Wales; Member of the Senedd; Llyr Gruffydd; Kingdom of Gwent; Minister (government); Welsh Government; Sustainability,"dmoz/Science/Environment/Water Resources; dmoz/Business/Energy/Utilities; dmoz/Shopping/Home and Garden/Emergency Supplies; dmoz/Home/Emergency Preparation; dmoz/Business/Agriculture and Forestry/Farm Real Estate; news/Politics; iptc/economy, business and finance/products and services; iptc/environment; iptc/disaster, accident and emergency incident/disaster",-0.3019607843137255,,unclassified
Resident fears EV charger installations will encourage loss of green spaces,2026-08-15,Sustainability,The Argus,theargus.co.uk,https://www.theargus.co.uk/news/26460946.brighton-woman-fears-ev-chargers-will-see-loss-gardens/,"A resident has raised concerns that the installation of EV chargers will encourage more home-owners to pave over their front gardens, in an attempt to create guaranteed parking.

Lynne Angel-Kurr lives on Westfield Crescent, in Brighton, where an EV charger has recently been installed near her ...",Charging station; Electric vehicle; Councillor; Brighton; Town; Brighton and Hove City Council; Concrete; Coffee,"dmoz/Society/Issues; dmoz/Business/Transportation and Logistics/Traffic Control; dmoz/Recreation/Autos/Enthusiasts; dmoz/Business/Automotive/Electric Vehicles; dmoz/Society/Activism/In Daily Life; news/Politics; iptc/economy, business and finance/products and services/transport; iptc/environment",0.04313725490196085,Automotive,unclassified
New mooring fees approved at popular Marlow park as income could almost quadruple,2026-08-15,Sustainability,Bucks Free Press,bucksfreepress.co.uk,https://www.bucksfreepress.co.uk/news/26466737.new-mooring-fees-approved-popular-marlow-park/,"A popular Buckinghamshire park is set to introduce new fees for people using its riverside moorings.

Buckinghamshire Council has approved daytime mooring charges at Higginson Park in Marlow as part of efforts to raise more money for the park's upkeep.

People using the moorings will be charged ...","Mooring; Marlow, Buckinghamshire; Buckinghamshire Council; Buckinghamshire; Trustee; Councillor","dmoz/Recreation/Theme Parks; dmoz/Society/Issues/Business; dmoz/Home/Personal Finance; dmoz/Sports/Skateboarding/Skate Parks; news/Politics; iptc/economy, business and finance; iptc/environment",0.3725490196078431,,unclassified
Huge M25 service station near Iver Heath approved despite 'vital green lung' warning,2026-08-15,Sustainability,Bucks Free Press,bucksfreepress.co.uk,https://www.bucksfreepress.co.uk/news/26466681.huge-m25-service-station-near-iver-heath-approved-despite-warning/,"Plans for a huge motorway service area with almost 1,000 car parking spaces near Iver Heath have been approved despite warnings about its impact on residents and the environment.

Buckinghamshire Council's Strategic Sites Committee backed the Colne Valley Services development on land beside the M25 ...",Motorway service area; M25 motorway; Large goods vehicle; Filling station; Councillor; Iver; Green belt; Biodiversity,"dmoz/Society/Issues; dmoz/Science/Environment; dmoz/Science/Technology; dmoz/Recreation/Roads and Highways; dmoz/Science/Social Sciences/Urban and Regional Planning; news/Environment; iptc/economy, business and finance/products and services/transport; iptc/environment; iptc/politics and government/government policy/interior policy",0.1294117647058823,,regulation
Fire sparks calls for climate action and end to fire service cuts,2026-08-15,Sustainability,Andover Advertiser,andoveradvertiser.co.uk,https://www.andoveradvertiser.co.uk/news/26461885.test-valley-green-party-demands-government-actions/,"A recent wildfire has sparked renewed calls for action on climate change and emergency service funding.

The fire broke out in the New Forest, triggered by a vehicle fire on the A31 near Ringwood that quickly spread in the summer heat.

It required a major emergency response, with fire crews from ...","Test Valley; Green Party of England and Wales; New Forest; Climate change; Wildfire; Ringwood, Hampshire; A31 road; Emergency service","dmoz/Shopping/Entertainment/Party Supplies; dmoz/Society/Issues/Environment; dmoz/Science/Environment/Climate Change; dmoz/Home/Emergency Preparation; dmoz/Society/Politics/Green; news/Environment; iptc/environment; iptc/disaster, accident and emergency incident/disaster/fire",-0.1686274509803921,Automotive,unclassified
Electric vehicle 2030 target set to be watered down as Government launches consultation on target | LBC,2026-08-15,Sustainability,LBC,lbc.co.uk,https://www.lbc.co.uk/article/electric-vehicle-2030-target-watered-down-5Hjdg5K_2/,"But she added: ""We are also aware of wider challenges and uncertainty faced by the UK automotive sector, related to energy price increases, growing international competition and uncertainty around the impact of potential changes to how UK-made vehicles will be treated in export markets.

""The ...",Electric vehicle; United Kingdom; Automotive industry; Ulysses S. Grant; Richard Holden (British politician); Secretary of State for Transport; Carbon neutrality; Frontbencher,"dmoz/Shopping/Classifieds/Automotive; dmoz/Recreation/Autos/Enthusiasts; dmoz/Business/Automotive/Import and Export; dmoz/Business/Automotive/Electric Vehicles; dmoz/Recreation/Autos/Image Galleries; news/Business; iptc/economy, business and finance; iptc/politics and government; iptc/environment",0.3490196078431373,Public/Gov; Automotive; Energy,technology maturity
Ranked: How Dirty Are the Eight Biggest Names in AI,2026-08-14,Sustainability,OilPrice.com,oilprice.com,https://oilprice.com/Energy/Energy-General/Ranked-How-Dirty-Are-the-Eight-Biggest-Names-in-AI.html,"Amazon, Microsoft and Google together emitted 19 million metric tons of CO2 equivalent last year, roughly as much as a third of France.

Big Tech companies are quietly moving farther and farther away from their decarbonization goals. Back in 2019, Amazon pledged to become carbon neutral by 2040, ...",Big Tech; Amazon (company); Data center; Low-carbon economy; Microsoft; Artificial intelligence; Google; Tonne,"dmoz/Business/Energy; dmoz/Science/Technology/Energy; dmoz/Society/Issues/Business; dmoz/Science/Environment/Carbon Cycle; dmoz/Science/Earth Sciences/Data Centers; news/Technology; iptc/economy, business and finance/products and services; iptc/environment",0.2313725490196079,,unclassified
Draft dark skies guidance drawn up for the Highlands,2026-08-14,Sustainability,BBC,bbc.com,https://www.bbc.co.uk/news/articles/cg4dw2e9dedo,"Highland Council has produced draft guidance aimed at reducing light pollution to give stargazers clearer views of the night sky.

Officials said other benefits of minimising outdoor lighting included lower carbon emissions and energy costs.

The guidance would support communities wishing to set up ...",Scottish Highlands; Light pollution; Greenhouse gas emissions; Night sky; Dark-sky movement,dmoz/Science/Environment/Carbon Cycle; dmoz/Shopping/Home and Garden/Electrical; dmoz/Home/Home Improvement/Lighting; dmoz/Shopping/Antiques and Collectibles/Lighting; dmoz/Science/Technology/Lighting; iptc/politics and government; iptc/environment,0.192156862745098,Energy,unclassified
Plans to revitalise Laois town centre estimated to cost €7 million,2026-08-14,Sustainability,Leinsterexpress                    ,leinsterexpress.ie,https://www.leinsterexpress.ie/news/mountrath/plans-to-revitalise-laois-town-centre-estimated-to-cost-eu7-million-8921908,"The upgrade of Mountrath Town Centre is progressing to the next stage

Plans to revitalise a Laois town centre have taken a step forward as contractors have been invited to tender for the project which is estimated to cost around €7 million.

Laois County Council are seeking a Single Service ...",Laois GAA; Town; Euro; Mountrath; Laois County Council; State school; Climate resilience; Sustainability,"dmoz/Society/Issues/Environment; dmoz/Science/Social Sciences/Urban and Regional Planning; dmoz/Science/Environment/Sustainability; dmoz/Science/Earth Sciences/Paleogeography and Paleoclimatology; dmoz/Society/Lifestyle Choices/Intentional Communities; news/Business; iptc/environment; iptc/disaster, accident and emergency incident/disaster",0.3803921568627451,,unclassified
Islands are at the heart of a £100bn pipeline of investment opportunities,2026-08-14,Sustainability,caithness-business.co.uk,caithness-business.co.uk,https://caithness-business.co.uk/article/32854,"Chair of HIE, Angus Campbell, explores how our islands are at the heart of a £100bn pipeline of investment opportunities, helping to drive economic growth, clean energy and community prosperity across the Highlands and Islands.

The Highlands and Islands has long been recognised for outstanding ...",Highlands and Islands Enterprise; Highlands and Islands; Scottish Gaelic; Scottish Government; Supply chain; Sustainable energy; Pipeline transport; Economic growth,"dmoz/Business/Energy; dmoz/Society/Issues; dmoz/Science/Technology/Energy; dmoz/Business/Investing/Socially Responsible; dmoz/Society/Lifestyle Choices/Intentional Communities; news/Environment; iptc/economy, business and finance; iptc/environment",0.6549019607843136,Energy,market move
East Midlands mayor criticised for supporting cancelled A38 expansion | New Civil Engineer,2026-08-14,Sustainability,New Civil Engineer,newcivilengineer.com,https://www.newcivilengineer.com/latest/east-midlands-mayor-criticised-for-supporting-cancelled-a38-expansion-14-08-2026/,"Campaigners have criticised the East Midlands mayor Claire Ward for urging prime pinister Andy Burnham to intervene after reports the project may be cancelled to help fund UK defence spending.

The A38 Derby Junctions Road Scheme has long been contentious among residents including the fact its ...",National Highways; Andy Burnham; A38 road; Mayor; East Midlands; Claire Ward; Ward (electoral subdivision); Derby City Council,"dmoz/Society/Issues; dmoz/Science/Environment; dmoz/Recreation/Roads and Highways; dmoz/Business/Business and Society; dmoz/Science/Technology/Transportation; news/Business; iptc/economy, business and finance; iptc/environment",-0.3254901960784313,Defense,unclassified
"UK must 'face up to changing climate' as visits fire-hit town, PM says",2026-08-14,Sustainability,Euronews English,euronews.com,https://www.euronews.com/my-europe/2026/08/14/uk-must-face-up-to-changing-climate-pm-says-on-visit-to-fire-hit-stourbridge,"The West Midlands, alongside nearly three-quarters of England, is in drought after weeks of high temperatures and scant rainfall, increasing the risk of fires.

Prime Minister Andy Burnham said on Friday that Britain must face up to the changing climate and accelerate its move to clean energy as he ...",Sustainable energy; Firefighter; Stourbridge; United Kingdom; West Midlands (region); Andy Burnham; West Midlands Fire Service; Smoke inhalation,"dmoz/Society/Issues; dmoz/Science/Technology/Energy; dmoz/Business/Energy/Utilities; dmoz/Science/Environment/Climate Change; dmoz/Science/Environment/Carbon Cycle; news/Environment; iptc/environment; iptc/science and technology/natural science/meteorology; iptc/disaster, accident and emergency incident/disaster/fire",-0.07450980392156858,Energy,unclassified
England is burning: We must fix our fragile food system,2026-08-14,Sustainability,openDemocracy,opendemocracy.net,https://www.opendemocracy.net/england-is-burning-we-must-fix-our-fragile-food-system/,"Without rapid action, we will struggle to put food on shelves as the climate becomes ever more inhospitable

As we emerge from our fifth heatwave of the summer, thousands of hectares are charred by devastating wildfires, while much more of the country is parched, yellow and brown. The impact on ...",Wildfire; Agriculture; Arable land; Soil; Drought; Food industry; Food system; Hay,"dmoz/Society/Issues; dmoz/Science/Environment; dmoz/Science/Agriculture/Sustainable Agriculture; dmoz/Science/Agriculture/Soils; dmoz/Science/Agriculture/Practices and Systems; news/Environment; iptc/environment; iptc/economy, business and finance/products and services/agriculture; iptc/science and technology/natural science",-0.2705882352941177,,unclassified
Lakeland has 'undertaken substantial investment' at LacPatrick site,2026-08-14,Sustainability,Agriland.ie,agriland.ie,https://www.agriland.ie/farming-news/lakeland-has-undertaken-substantial-investment-at-lacpatrick-site/,"Lakeland Dairies has said it has undertaken ""substantial investment"" at the LacPatrick Dairies site in Co. Tyrone, following issues around environmental compliance.

LacPatrick Dairies (NI) Ltd was fined over £100,000 by a court for environmental breaches, including milk spillages to a river, at ...","Lakeland Dairies; Lakeland, Florida; County Tyrone; Milk; Artigarvan; Strabane; Northern Ireland; Wastewater","dmoz/Science/Environment/Products and Services; dmoz/Business/Investing/Socially Responsible; dmoz/Business/Environment/Engineering; dmoz/Business/Investing/Guides; dmoz/Health/Specific Substances/Dairy Products; news/Business; iptc/economy, business and finance; iptc/politics and government; iptc/environment",0.2156862745098038,,market move
There can be no turning away from the fight against climate change,2026-08-14,Sustainability,The Independent,independent.co.uk,https://www.independent.co.uk/voices/andy-burnham-clmate-change-wildfires-net-zero-b3033293.html,"This summer has been a harsh wake-up call. The heat is taking its toll. Firefighters are battling the worst wildfires they have ever known. Crops are failing. Vulnerable people are at serious risk.

I was in the West Midlands, meeting families who are suffering the devastating impact of wildfires. ...",Wildfire; Fire services in the United Kingdom; West Midlands (region); Barbecue; Aerial firefighting; Climate change; Cabinet Office Briefing Rooms; Drought,"dmoz/Society/Philanthropy; dmoz/Society/Issues; dmoz/Science/Environment/Climate Change; dmoz/Society/Transgendered/Intersexed; dmoz/Home/Family/Family Resources and Support; iptc/health; iptc/environment; iptc/disaster, accident and emergency incident/disaster/fire",-0.3254901960784313,,unclassified
AtkinsRéalis and Mott MacDonald supported GBE-N's £58k Scottish nuclear sites study | New Civil Engineer,2026-08-14,Sustainability,New Civil Engineer,newcivilengineer.com,https://www.newcivilengineer.com/latest/atkinsrealis-and-mott-macdonald-supported-gbe-ns-58k-scottish-nuclear-sites-study-14-08-2026/,"Great British Energy - Nuclear (GBE-N) spent £58,282.31 on its study into the potential for sites in Scotland to host new nuclear projects and used the services of AtkinsRéalis and Mott MacDonald.

GBE-N says it is ""a government-owned, arm's-length body responsible for delivering the UK's new ...",Scotland; Mott MacDonald; Scottish Parliament; Scottish National Party; Department for Energy Security and Net Zero; Torness nuclear power station; British Energy; Ed Miliband,dmoz/Society/Issues; dmoz/Science/Technology/Energy; dmoz/Business/Energy/Management; dmoz/Science/Physics/Nuclear; dmoz/Business/Energy/Consulting; news/Politics; iptc/politics and government; iptc/health/disease and condition/communicable disease; iptc/environment,0.1529411764705881,Public/Gov; Energy,trend
French Tiny House Jean-Baptiste Is Energy Efficient in the Prettiest Way,2026-08-14,Sustainability,autoevolution,autoevolution.com,https://www.autoevolution.com/news/french-tiny-house-jean-baptiste-is-energy-efficient-in-the-prettiest-way-274166.html,"It's amazing how these French homes on wheels that look so rustic are actually so modern when it comes to smart features for sustainable energy efficiency

A tiny house that maximizes sustainability and energy efficiency can also be delightfully dreamy and cozy, and this French custom build proves ...",Tiny-house movement; Sustainability; France; Furniture; Efficient energy use; Video game console; Energy consumption; Mobile home,"dmoz/Shopping/Home and Garden; dmoz/Science/Environment/Sustainability; dmoz/Business/Construction and Maintenance/Residential Housing; dmoz/Home/Home Improvement/Energy Efficiency; dmoz/Business/Construction and Maintenance/Environmental; news/Business; iptc/economy, business and finance/products and services; iptc/lifestyle and leisure; iptc/environment",0.4431372549019608,Energy,unclassified
"In wildfire town, PM Burnham says UK must ""face up to climate change""",2026-08-14,Sustainability,Market Screener,marketscreener.com,https://www.marketscreener.com/news/in-wildfire-town-pm-burnham-says-uk-must-face-up-to-climate-change-ce7859dfd98af52c,"(Alliance News) - UK Prime Minister Andy Burnham said Friday that Britain must face up to the changing climate and accelerate its move to clean energy as he visited a town where a wildfire gutted homes.

In Stourbridge near the UK's second largest city of Birmingham, smoke rose from smouldering ...",Andy Burnham; Sustainable energy; Firefighter; Wildfire; Stourbridge; United Kingdom; Smoke inhalation; Carbon neutrality,"dmoz/Science/Technology/Energy; dmoz/Business/Energy/Utilities; dmoz/Society/Issues/Environment; dmoz/Science/Environment/Climate Change; dmoz/Science/Environment/Carbon Cycle; news/Environment; iptc/environment; iptc/science and technology/natural science/meteorology; iptc/disaster, accident and emergency incident/disaster/fire",-0.1529411764705882,Energy,unclassified
Leader comment: Creation groans,2026-08-14,Sustainability,The Church Times,churchtimes.co.uk,https://www.churchtimes.co.uk/articles/2026/14-august/comment/leader-comment/leader-comment-creation-groans,"'Perhaps because the stakes are so high, the drought has swiftly become a political football'

BRITAIN is severely parched. The evidence is everywhere, from the bleached stubble where once we had green lawns to the falling water levels in many rivers. The Met Office confirmed last week that England ...",Drought; England; Coral bleaching; Met Office; England and Wales; Lawn; Heat wave; River,"dmoz/Society/Politics; dmoz/Society/Issues/Environment; dmoz/Science/Environment/Climate Change; dmoz/Science/Earth Sciences/Paleogeography and Paleoclimatology; dmoz/Science/Earth Sciences/Quaternary Studies; news/Environment; iptc/environment; iptc/science and technology/natural science; iptc/disaster, accident and emergency incident/disaster",-0.08235294117647063,,unclassified
"In wildfire town, PM says UK must 'face up to climate change'",2026-08-14,Sustainability,France 24,france24.com,https://www.france24.com/en/live-news/20260814-in-town-hit-by-wildfire-pm-says-uk-must-face-up-to-climate-change,"Stourbridge (United Kingdom) (AFP) - Prime Minister Andy Burnham said Friday that Britain must face up to the changing climate and accelerate its move to clean energy as he visited a town where a wildfire gutted homes.

In Stourbridge near the UK's second largest city of Birmingham, smoke rose from ...",Andy Burnham; Sustainable energy; Firefighter; Wildfire; Stourbridge; United Kingdom; Smoke inhalation; Carbon neutrality,"dmoz/Business/Energy/Utilities; dmoz/Society/Issues/Environment; dmoz/Science/Environment/Climate Change; dmoz/Science/Environment/Carbon Cycle; dmoz/Science/Earth Sciences/Paleogeography and Paleoclimatology; news/Environment; iptc/environment; iptc/science and technology/natural science/meteorology; iptc/disaster, accident and emergency incident/disaster/fire",-0.1372549019607843,Energy,unclassified
EU 'sidelining sustainability in scramble for battery materials' - Batteries International,2026-08-14,Sustainability,Batteries International,batteriesinternational.com,https://www.batteriesinternational.com/news/eu-sidelining-sustainability-in-scramble-for-battery-materials/,"The European Union is sidelining sustainability principles in the race to secure materials vital to the battery industry, new analysis has claimed.

A study published on August 13, by Germany's Helmholtz Centre for Environmental Research (UFZ), said security of supply is now taking precedence over ...",Electric battery; Helmholtz Centre for Environmental Research; Sustainability; Raw material; European Union; Circular economy; Ecology; Environmental policy of the European Union,"dmoz/Society/Issues; dmoz/Society/Government/Multilateral; dmoz/Society/Politics; dmoz/Science/Science in Society/Science and Technology Policy; dmoz/Science/Environment/Research Groups and Centers; news/Environment; iptc/economy, business and finance; iptc/politics and government/government; iptc/environment",0.1607843137254903,,regulation
Q&A: What does China's 15th five-year plan for coal mean for climate action? - Carbon Brief,2026-08-14,Sustainability,Carbon Brief,carbonbrief.org,https://www.carbonbrief.org/qa-what-does-chinas-15th-five-year-plan-for-coal-mean-for-climate-action,"China has published a new five-year plan for coal, the latest in a slew of important policy documents for the country's energy transition.

The 15th five-year plan for the development of the coal industry was published by the National Development and Reform Commission (NDRC) and the National Energy ...",Greenhouse gas emissions; Carbon Brief; Five-year plans of China; National Development and Reform Commission; Energy security; Coal; Renewable energy; China,"dmoz/Business/Energy; dmoz/Society/Issues; dmoz/Science/Technology/Energy; dmoz/Science/Environment/Carbon Cycle; dmoz/Home/Home Improvement/Energy Efficiency; news/Environment; iptc/environment; iptc/science and technology/natural science/meteorology; iptc/economy, business and finance/products and services/energy and resource",0.2784313725490195,Energy,unclassified
Farmer blames reduced hill grazing for rampant wildfires,2026-08-14,Sustainability,Farmers Weekly,fwi.co.uk,https://www.fwi.co.uk/news/farm-policy/farmer-blames-reduced-hill-grazing-for-rampant-wildfires,"Farmer blames reduced hill grazing for rampant wildfires

Anne Dunn 14 August 2026

>More in * Farm policy

* News

Scorched land © MAG/Anne Dunn

A south Wales farmer has blamed reduced livestock grazing on upland commons and increasing vegetation for raging wildfires affecting much of his ...",Anne Dunn; Grazing; Livestock; Sheep; Wildfire; Brian Bowen; Highland; Common land,"dmoz/Science/Environment; dmoz/Society/Issues/Environment; dmoz/Business/Agriculture and Forestry/Livestock; dmoz/Business/Agriculture and Forestry/Trade Shows; dmoz/Science/Agriculture/Practices and Systems; news/Business; iptc/environment; iptc/economy, business and finance/products and services/agriculture",-0.2941176470588235,,unclassified
Four reasons why fully electric homes can be affordable and efficient,2026-08-14,Sustainability,The Conversation,theconversation.com,https://theconversation.com/four-reasons-why-fully-electric-homes-can-be-affordable-and-efficient-288037,"Across Europe, running a home - whether you need to keep it cool in the summer or heat it during winter - usually means burning imported gas. That wastes energy and creates carbon emissions, contributing to climate change. The European Commission's new electrification action plan aims to end that ...",Heat pump; Boiler; Electricity; European Commission; Europe; United Kingdom; Electrification; Molecule,"dmoz/Business/Energy; dmoz/Society/Government/Multilateral; dmoz/Science/Technology/Energy; dmoz/Science/Environment/Carbon Cycle; dmoz/Home/Home Improvement/Energy Efficiency; news/Environment; iptc/environment; iptc/science and technology/natural science/meteorology; iptc/economy, business and finance/products and services/energy and resource",0.4039215686274509,Energy,unclassified
"Bidfood Recognised as Only Wholesaler to Achieve Perfect Marks in RSPO's Shared Responsibility Scorecard - CLH News: Caterer, Licensee and Hotelier News - News for Pubs, Bars, Hotels and Restaurants",2026-08-14,Sustainability,"CLH News: Caterer, Licensee and Hotelier News",catererlicensee.com,https://catererlicensee.com/bidfood-recognised-as-only-wholesaler-to-achieve-perfect-marks-in-rspos-shared-responsibility-scorecard/,"Bidfood has achieved a perfect score in the Roundtable on Sustainable Palm Oil's (RSPO) Shared Responsibility Scorecard for its own-brand products, placing the foodservice wholesaler among just eight retailers globally to receive top marks.

RSPO's annual scorecard assesses organisations across a ...",Bidfood; Roundtable on Sustainable Palm Oil; Sustainability; Foodservice; Smallholding; Carbon footprint; Palm oil; Carbon,"dmoz/Business/Environment; dmoz/Science/Environment/Water Resources; dmoz/Science/Environment/Sustainability; dmoz/Science/Environment/Carbon Cycle; dmoz/Business/Management/Supply Chain; news/Business; iptc/economy, business and finance; iptc/environment",0.5921568627450979,Retail; Wholesale,unclassified
Review launched to shape pathway to reach zero emission driving by 2035,2026-08-14,Sustainability,gov.uk,gov.uk,https://www.gov.uk/government/news/review-launched-to-shape-pathway-to-reach-zero-emission-driving-by-2035,"comes as more than 1 in 4 new cars sold are now electric and EV sales are up 45% on July last year - accelerating the UK's transition to cleaner transport and net zero

Vehicle manufacturers, suppliers, charge point operators, dealers, consumers and communities are being asked for their views on the ...",Zero emission; Electric vehicle; Gasoline; Diesel engine; United Kingdom; Carbon neutrality; Zero-emissions vehicle; Cost of living,"dmoz/Society/Issues; dmoz/Shopping/Classifieds/Automotive; dmoz/Recreation/Autos/Enthusiasts; dmoz/Business/Automotive/Electric Vehicles; dmoz/Recreation/Autos/Image Galleries; news/Business; iptc/economy, business and finance; iptc/environment",0.4588235294117646,Automotive,technology maturity
Halifax's RSPCA appeals to community to get behind multi-million-pound refurb,2026-08-14,Sustainability,Halifax Today,halifaxcourier.co.uk,https://www.halifaxcourier.co.uk/news/help-us-make-this-dream-a-reality-halifaxs-rspca-appeals-to-community-to-get-behind-multi-million-pound-refurb-8919070,"RSPCA Halifax, Huddersfield & Bradford, based on Wade Street in Halifax, has appealed to the community to get behind its multi-million-pound refurbishment project.

The project, which started in September last year, aims to transform the branch with modern, state-of-the-art facilities, and is ...","Halifax, Nova Scotia; Royal Society for the Prevention of Cruelty to Animals; Kennel; Dog; Cattery; Pavilion; Bradford; Huddersfield",dmoz/Society/Philanthropy; dmoz/Society/Issues; dmoz/Recreation/Pets; dmoz/Business/Construction and Maintenance/Building Types; dmoz/Shopping/Pets/Supplies; iptc/human interest; iptc/environment,0.223529411764706,,unclassified
Earnings Flash (SGML) Sigma Lithium Posts Q2 Loss $0.02 a Share,2026-08-14,Sustainability,Market Screener,marketscreener.com,https://www.marketscreener.com/news/earnings-flash-sgml-sigma-lithium-posts-q2-loss-0-02-a-share-ce7859ded18af025,"Sigma Lithium Corporation is a global lithium producer dedicated to powering electric vehicle batteries with carbon-neutral, socially and environmentally sustainable chemical-grade lithium concentrate. Its 100% wholly owned Grota do Cirilo operation is a fully integrated hard-rock lithium mining and ...",Lithium; Electric-vehicle battery; Carbon neutrality; Adobe Flash; Sustainability; Minas Gerais; Brazil; Tailings,"dmoz/Business/Electronics and Electrical/Power Supplies; dmoz/Science/Environment/Sustainability; dmoz/Science/Environment/Carbon Cycle; dmoz/Business/Management/Supply Chain; dmoz/Business/Chemicals/Basic Chemicals; iptc/economy, business and finance; iptc/environment",0.08235294117647052,Automotive; Natural Resources,unclassified
"Sigma Lithium's Q2 Net Loss Narrows, Revenue Rises",2026-08-14,Sustainability,Market Screener,marketscreener.com,https://www.marketscreener.com/news/sigma-lithium-s-q2-net-loss-narrows-revenue-rises-ce7859ded18aff27,"Sigma Lithium Corporation is a global lithium producer dedicated to powering electric vehicle batteries with carbon-neutral, socially and environmentally sustainable chemical-grade lithium concentrate. Its 100% wholly owned Grota do Cirilo operation is a fully integrated hard-rock lithium mining and ...",Lithium; Electric-vehicle battery; Carbon neutrality; Sustainability; Minas Gerais; Brazil; Tailings; Toxicity,"dmoz/Business/Electronics and Electrical/Power Supplies; dmoz/Science/Environment/Sustainability; dmoz/Science/Environment/Carbon Cycle; dmoz/Business/Management/Supply Chain; dmoz/Business/Chemicals/Basic Chemicals; iptc/economy, business and finance; iptc/environment",0.04313725490196085,Automotive; Natural Resources,unclassified
Hotter Europe isn't cooling investor fervor for stocks,2026-08-14,Sustainability,RTL Today,today.rtl.lu,https://today.rtl.lu/news/world/hotter-europe-isnt-cooling-investor-fervor-for-stocks-2138207509,"Recent records for key stock indexes suggest investors see little risk from rising temperatures

The heatwaves pummelling Europe this summer will have costly impacts on industries ranging from agriculture to tourism -- but that hasn't stopped stock markets from hitting all-time highs.

For investors ...",Climate change; Europe; Heat wave; Inflation; Stock; Agriculture; Banking in Switzerland; Noise pollution,"dmoz/Business/Investing; dmoz/Society/Issues/Business; dmoz/Society/Issues/Environment; dmoz/Science/Environment/Climate Change; dmoz/Business/Financial Services/Investment Services; news/Business; iptc/economy, business and finance; iptc/environment; iptc/science and technology/natural science/meteorology",-0.0117647058823529,,market move
Green groups urge Andy Burnham to break silence on climate crisis - AOL,2026-08-14,Sustainability,AOL.com,aol.co.uk,https://www.aol.co.uk/articles/green-groups-urge-andy-burnham-105814000.html,"The UK's leading climate organisations have accused prime minister Andy Burnham of ""remaining silent"" on the climate crisis as the country struggles to cope with its fifth heatwave of the year.

As widespread droughts and devastating wildfires grip the country green groups have written to Burnham ...",Climate crisis; Andy Burnham; Heat wave; Drought; Wildfire; United Kingdom; Greenhouse gas emissions; Green New Deal,dmoz/Business/Energy/Oil and Gas; dmoz/Society/Issues; dmoz/Science/Environment/Climate Change; dmoz/Science/Environment/Carbon Cycle; dmoz/Science/Earth Sciences/Paleogeography and Paleoclimatology; news/Environment; iptc/environment; iptc/science and technology/natural science/meteorology,-0.1764705882352942,,unclassified
New Peterborough EV charging hub plans finalised at car wash site,2026-08-14,Sustainability,Peterborough Today,peterboroughtoday.co.uk,https://www.peterboroughtoday.co.uk/news/people/new-peterborough-ev-charging-hub-plans-finalised-at-car-wash-site-8920947,"A new electric vehicle charging hub will soon replace a hand car wash in Peterborough.

Initial plans to redevelop the site into 10 EV charging bays were approved by Peterborough City Council planners in November last year.

Applicant Moreco Investments Ltd re-applied for planning permission in June ...",Bay (architecture); Charging station; Peterborough; Peterborough City Council; Electric vehicle; Planning permission; Landscaping; Accessibility,"dmoz/Business/Human Resources/Compensation and Benefits; dmoz/Science/Social Sciences/Urban and Regional Planning; dmoz/Shopping/Home and Garden/Do-It-Yourself; dmoz/Health/Nursing/Care Plans; dmoz/Business/Retail Trade/Consulting; news/Politics; iptc/economy, business and finance; iptc/environment",0.3019607843137255,Automotive,unclassified
CLA Cymru Writes to Rural Resilience Minister Warning of Emerging Water Shortage Crisis for Farms,2026-08-14,Sustainability,Business News Wales,businessnewswales.com,https://businessnewswales.com/cla-cymru-writes-to-rural-resilience-minister-warning-of-emerging-water-shortage-crisis-for-farms/,"The Country Land and Business Association (CLA) Cymru, has written to the Cabinet Minister for Rural Resilience and Sustainability, Llyr Gruffydd MS, asking him to make an urgent statement on the emerging water shortage crisis on farms across Wales, due to the pre-longed hot weather.

CLA Cymru ...",Asteroid family; Minister (government); Wales; Water scarcity; Sustainability; Member of the Senedd; Llyr Gruffydd; Country Land and Business Association,"dmoz/Society/Issues; dmoz/Science/Environment/Water Resources; dmoz/Home/Emergency Preparation; dmoz/Business/Agriculture and Forestry/Farm Real Estate; dmoz/Business/Real Estate/Undeveloped or Vacant; news/Business; iptc/science and technology; iptc/environment; iptc/economy, business and finance/products and services/agriculture",-0.192156862745098,,unclassified
Peru to host jumbo flying squid summit as El Nino impacts catches - Undercurrent News,2026-08-14,Sustainability,Undercurrent News,undercurrentnews.com,https://www.undercurrentnews.com/2026/08/14/peru-to-host-jumbo-flying-squid-summit-as-el-nino-impacts-catches/,"Artisanal fishing vessels tied up near Lima, Peru. Credit: Christian Vinces / Shutterstock

Peru will host the first regional workshop on jumbo flying squid sustainability on Aug. 18-19, bringing together Ecuador, Chile and Peru to address the future of one of the South Pacific's most important ...",Squid; Peru; Artisanal fishing; Pacific Ocean; Undercurrent (manga); El Niño; Fishery; Sustainability,"dmoz/Society/Issues; dmoz/Science/Earth Sciences/Oceanography; dmoz/Science/Environment/Agriculture; dmoz/Science/Agriculture/Practices and Systems; dmoz/Science/Agriculture/Fisheries; news/Politics; iptc/economy, business and finance; iptc/environment",0.1450980392156862,,unclassified
Can Britain deliver net-zero without talking about climate? - edie,2026-08-14,Sustainability,edie.net,edie.net,https://www.edie.net/can-britain-deliver-net-zero-without-talking-about-climate/,"Join our growing army of changemakers and get access to our free content

Burnham has a strong track record advocating for progressive responses to tackle climate change. He openly acknowledged the explicit links between climate change and health, recognised the need for spending and investment to ...",Carbon neutrality; Climate change; State ownership; Progressivism; Effects of climate change on human health; Mayor of Greater Manchester; Green economy; Climate change mitigation,"dmoz/Society/Issues/Economic; dmoz/Society/Issues/Environment; dmoz/Science/Environment/Sustainability; dmoz/Science/Environment/Climate Change; dmoz/Science/Environment/Carbon Cycle; news/Politics; iptc/economy, business and finance; iptc/environment; iptc/science and technology/natural science/meteorology",0.2156862745098038,,unclassified
Reusable Packaging Moves from Sustainability Option to PPWR Compliance Tool,2026-08-14,Sustainability,Envato,internationalsupermarketnews.com,https://internationalsupermarketnews.com/reusable-packaging-moves-from-sustainability-option-to-ppwr-compliance-tool/,"Europe's fresh food supply chain is entering a new regulatory phase as the EU Packaging and Packaging Waste Regulation (PPWR) begins to place greater emphasis on packaging reduction, reuse, recyclability, traceability and the responsible use of materials.

For retailers, food producers, growers and ...",Reusable packaging; Packaging and labeling; Supply chain; Logistics; European Union; Recycling; Traceability; Sustainability,"dmoz/Science/Environment; dmoz/Business/Environment; dmoz/Business/Food and Related Products/Consulting; dmoz/Business/Industrial Goods and Services/Packaging; dmoz/Business/Management/Supply Chain; news/Business; iptc/economy, business and finance; iptc/environment; iptc/politics and government/government policy",0.2862745098039217,Manufacturing; Retail,regulation
SAAM translates sustainability commitments into measurable actions,2026-08-14,Sustainability,Riviera,rivieramm.com,https://www.rivieramm.com/news-content-hub/news-content-hub/saam-translates-sustainability-commitments-into-measurable-actions-89678,"The world's third-largest towage group has introduced a new biodiversity plan as an update to its environmental policies

SAAM group has introduced a new biodiversity plan as an update to its environmental policies and as a ""roadmap with measurable actions"" for reducing the footprint of its towage ...",Sustainability; Tugboat; Biodiversity; Environmental policy; Conservation biology; Ecosystem service; Noise pollution; Biofouling,"dmoz/Science/Environment; dmoz/Business/Management; dmoz/Society/Issues/Environment; dmoz/Business/Environment/Engineering; dmoz/Business/Environment/Environmental Management Systems - ISO 14000; iptc/politics and government; iptc/environment; iptc/economy, business and finance/products and services/energy and resource",0.3647058823529412,,unclassified
"Pest Control Servicio SL, leading the way in sustainable pest control on the Costa del Sol | Sur in English",2026-08-14,Sustainability,surinenglish.com,surinenglish.com,https://www.surinenglish.com/malaga/pest-control-servicio-leading-the-way-sustainable-20260803125159-nt.html,"The long-established company has become a benchmark in the industry thanks to its continuous investment in technology and training of staff

""We don't stop until your pest problems have been eradicated!""

For Pest Control Servicio SL, this is far more than a slogan. It reflects the company's ...",Costa del Sol; Arecaceae; Pest control; Weevil; Pest (organism); Mosquito; Benalmádena; Rat,"dmoz/Science/Environment; dmoz/Science/Agriculture/Pests and Diseases; dmoz/Home/Homeowners/Pest Control; dmoz/Business/Agriculture and Forestry/Biologicals; dmoz/Shopping/Home and Garden/Pest Control; news/Health; iptc/economy, business and finance/products and services; iptc/environment",0.1607843137254903,,unclassified
"Europe widens its lead over US, Asia in switch to cleaner jet fuel",2026-08-14,Sustainability,Luxembourg Times,luxtimes.lu,https://www.luxtimes.lu/europeanunion/europe-leads-very-slow-transition/159996932.html,"Owner of BA and Iberian purchased more SAF last year than all US airlines combined

When it comes to cleaner jet fuel, the stick is proving mightier than the carrot.

European airlines surged ahead in their use of sustainable aviation fuel, or SAF, last year, while carriers in the US and Asia fell ...",Jet fuel; Asia; Airline; South Africa; Iberian Peninsula; Bloomberg L.P.; International Airlines Group; British Airways,"dmoz/Society/Issues; dmoz/Science/Environment; dmoz/Science/Technology/Energy; dmoz/Business/Transportation and Logistics; dmoz/Recreation/Travel/Transportation; news/Business; iptc/economy, business and finance; iptc/environment; iptc/science and technology/natural science",0.07450980392156858,Aerospace & Defense,unclassified
Climate,2026-08-14,Sustainability,No2NuclearPower,no2nuclearpower.org.uk,https://www.no2nuclearpower.org.uk/news/climate-14-8-26/,"The UK has experienced its hottest day of the year so far on Thursday with a provisional temperature of 38.1C (100F) in Kew Gardens. It is the second time the UK has reached 38C this year - the first was at Lingwood, Norfolk on 26 June. The only time a temperature this high has been recorded twice ...",Carbon neutrality; Heat wave; Temperature; Europe; Los Angeles; London; United Kingdom; Köppen climate classification,"dmoz/Society/Issues; dmoz/Business/Transportation and Logistics; dmoz/Science/Earth Sciences/Atmospheric Sciences; dmoz/Science/Environment/Climate Change; dmoz/Science/Earth Sciences/Natural Disasters and Hazards; news/Environment; iptc/economy, business and finance; iptc/environment; iptc/science and technology/natural science/meteorology",-0.0980392156862745,,unclassified
Met Office issues heat warning as 37C scorcher set for third consecutive day,2026-08-14,Sustainability,huddersfieldexaminer,examinerlive.co.uk,https://www.examinerlive.co.uk/news/uk-world-news/uk-heatwave-2026-met-office-34457075,"The Met Office said by early afternoon temperatures had reached 37.6C at Charlwood in Surrey

Temperatures have soared beyond 37C across certain regions of England, as 2026 continues to shatter records for days of exceptional heat.

The Met Office reported that by early afternoon, the mercury had ...",Met Office; Heat wave; England; Charlwood; Surrey; United Kingdom; London; Kew Gardens,dmoz/Business/Energy; dmoz/Society/Issues/Environment; dmoz/Science/Earth Sciences/Atmospheric Sciences; dmoz/Science/Environment/Climate Change; dmoz/Science/Environment/Carbon Cycle; news/Environment; iptc/environment; iptc/weather; iptc/science and technology/natural science/meteorology,0.05882352941176472,,unclassified
Shellac reinvented: thermal advances for a natural biomaterial - European Coatings,2026-08-14,Sustainability,European Coatings,european-coatings.com,https://www.european-coatings.com/news/coatings-technologies/shellac-reinvented-thermal-advances-for-a-natural-biomaterial/,"A recent mini review examines how chemical modifications and polymer blending can overcome the poor thermal stability of shellac, a natural biomaterial produced by the lac bug. Enhanced thermal performance broadens its potential in coatings and high-temperature applications.

Shellac, a natural ...",Lac; Shellac; Biomaterial; Coating; Polymer; Sol–gel process; Kerria lacca; Biomedicine,"dmoz/Science/Technology/Materials; dmoz/Science/Technology/Chemical Engineering; dmoz/Business/Chemicals/Coatings and Adhesives; dmoz/Science/Chemistry/Inorganic; dmoz/Science/Chemistry/Publications; news/Business; iptc/economy, business and finance; iptc/science and technology; iptc/environment",0.05098039215686279,,unclassified
"Equation Founder Trims Bitcoin Holdings, Eyes Re-Entry at $45K-$55K",2026-08-14,Sustainability,sofokleous10.gr,sofokleous10.gr,https://sofokleous10.gr/2026/08/14/equation-founder-trims-bitcoin-holdings-eyes-re-entry-at-45k-55k/,"Vida, the founder of the decentralized lending protocol Equation, has sold one-third of their Bitcoin portfolio, according to on-chain analyst ai_9684xtpa. The move comes as Vida indicated plans to repurchase BTC at lower price levels of $45,000 to $55,000 within the next one to three ...",C.D.S. Vida; Bitcoin; Communication protocol; Price level; Decentralization; Decentralized finance; Digital asset; Microsoft Outlook,"dmoz/Business/Investing; dmoz/Society/Issues/Business; dmoz/Science/Social Sciences/Economics; dmoz/Computers/Artificial Intelligence/Games; dmoz/Business/Telecommunications/Marketing and Advertising; news/Business; iptc/economy, business and finance; iptc/environment",0.07450980392156858,,market move
EU packaging waste reforms: New rules on packaging and waste to be introduced across Europe in coming years,2026-08-14,Sustainability,RTL Today,today.rtl.lu,https://today.rtl.lu/news/world/new-rules-on-packaging-and-waste-to-be-introduced-across-europe-in-coming-years-309124951,"From 2030, restaurants will no longer be allowed to offer small single-use plastic sachets for sugar, salt, ketchup, or mayonnaise, as part of new EU measures aimed at reducing packaging waste.

New rules governing the use and disposal of packaging came into force across the European Union on ...",Packaging waste; Packaging and labeling; European Union; Disposable product; Ketchup; Mayonnaise; Salt; Sugar,"dmoz/Business/Environment/Waste Management; dmoz/Society/Government/Multilateral; dmoz/Business/Industrial Goods and Services/Packaging; dmoz/Science/Environment/Pollution Prevention and Recycling; dmoz/Science/Instruments and Supplies/Laboratory Waste Management; news/Politics; iptc/environment; iptc/economy, business and finance/products and services/energy and resource",-0.02745098039215688,,unclassified
Funding powers new hydropower learning project at New Lanark World Heritage Site,2026-08-14,Sustainability,Daily Record,dailyrecord.co.uk,https://www.dailyrecord.co.uk/in-your-area/lanarkshire/funding-powers-new-hydropower-learning-37547884,"The new venture, Hydropower at New Lanark, is a Drax-supported interpretation and learning project.

New Lanark World Heritage Site has secured funding from Drax Group for a major new interpretation and learning initiative that will explore the vital role hydropower has played in the site's history ...",River Clyde; Drax Group; Hydropower; World Heritage Site; Renewable energy; New Lanark; Sustainability; Engineering,"dmoz/Business/Energy; dmoz/Society/Issues; dmoz/Science/Technology/Energy; dmoz/Science/Social Sciences/Archaeology; dmoz/Science/Environment/Sustainability; news/Environment; iptc/environment; iptc/economy, business and finance/products and services/energy and resource",0.6235294117647059,,market move
Solar farm the size of 77 football pitches refused over Green Belt concerns,2026-08-14,Sustainability,Lancashire Telegraph,lancashiretelegraph.co.uk,https://www.lancashiretelegraph.co.uk/news/26455886.solar-farm-size-77-football-pitches-refused-council/,"Plans for a major solar farm and battery storage facility between Staining and Poulton have been officially refused by Fylde Council, despite claims it would generate enough electricity to power more than 9,000 homes.

The scheme, submitted by BOOM Developments Ltd, proposed a 40MW solar farm and ...","Battery storage power station; Green belt; Photovoltaic power station; Electricity; Staining, Lancashire; Borough of Fylde; Forge; Poulton-le-Fylde","dmoz/Science/Technology/Energy; dmoz/Recreation/Roads and Highways; dmoz/Business/Energy/Renewable; dmoz/Science/Social Sciences/Urban and Regional Planning; dmoz/Business/Real Estate/Undeveloped or Vacant; news/Politics; iptc/environment; iptc/economy, business and finance/products and services/agriculture",-0.03529411764705881,Energy,unclassified
New rules on end-of-life treatment of vehicles enter into force,2026-08-14,Sustainability,EU Reporter,eureporter.co,https://www.eureporter.co/economy/transport/2026/08/14/new-rules-on-end-of-life-treatment-of-vehicles-enter-into-force/,"We use your sign-up to provide content in ways you've consented to and to improve our understanding of you. You can unsubscribe at any time.

On 13 August, new rules on the design, production, collection, and end-of-life treatment of vehicles entered into force to strengthen circularity in the ...",Environmental issues; Autonomy; Raw material; Recycling; Plastic recycling; Supply chain; Tonne; Plastic,"dmoz/Business/Environment/Waste Management; dmoz/Science/Environment/Water Resources; dmoz/Society/Government/Multilateral; dmoz/Business/Materials; dmoz/Science/Environment/Pollution Prevention and Recycling; iptc/economy, business and finance; iptc/environment",0.223529411764706,Automotive,unclassified
Why Germans are cooling on the Greens - despite the heat wave,2026-08-14,Sustainability,Spiked,spiked-online.com,https://www.spiked-online.com/2026/08/14/sabine-germany-heatwave/,"Germany, like much of Europe, has experienced a summer of recurring heat waves. You might think this would be good news for the Green Party, and it has certainly been seized on as an opportunity for scaremongering, but they nevertheless appear to be losing their grip on the public.

Take the poster ...",Nursing home care; The Greens; Heat wave; Alternative for Germany; Air conditioning; Climate change; Berlin; Germany,dmoz/Society/Issues/Business; dmoz/Society/Issues/Environment; dmoz/Science/Environment/Climate Change; dmoz/Shopping/Home and Garden/Climate Control; dmoz/Society/Politics/Green; news/Environment; iptc/environment; iptc/weather; iptc/science and technology/natural science/meteorology,-0.0117647058823529,,unclassified
Good growth in every postcode 14th August 2026 - LabourList,2026-08-14,Sustainability,LabourList,labourlist.org,https://labourlist.org/2026/08/good-growth-in-every-postcode-14-08-2026/,"Andy Burnham's pledge to the country is ""good growth in every postcode and hope in every heart"". What would this look like in practice? The answer lies in the economic success stories of British companies across the UK and building on these successes across England, Scotland, Wales and Northern ...",Electric battery; Postcodes in the United Kingdom; Wind farm; Data center; Turbine; Anti-aircraft warfare; Sunderland A.F.C.; Hybrid electric vehicle,"dmoz/Business; dmoz/Society/Issues; dmoz/Science/Environment; dmoz/Science/Technology; dmoz/Home/Home Improvement/Energy Efficiency; news/Business; iptc/economy, business and finance; iptc/environment",0.2,,unclassified
Former garden centre housing scheme deferred over flood risk concerns,2026-08-14,Sustainability,Hampshire Chronicle,hampshirechronicle.co.uk,https://www.hampshirechronicle.co.uk/news/26456660.hampshire-garden-centre-housing-plans-delayed-flooding-concerns/,"Councillors have put plans for up to 44 homes at a former Timsbury garden centre on hold over concerns about drainage, sewage and flooding.

Planning officers had recommended permission of an outline scheme to redevelop the former Choice Plants site on Stockbridge Road, subject to an agreement ...","Garden centre; Councillor; Flood; Timsbury, Somerset; Parish council (England); Outline (list); Test Valley; Plant nursery","dmoz/Science/Environment/Water Resources; dmoz/Science/Social Sciences/Urban and Regional Planning; dmoz/Business/Real Estate/Residential; dmoz/Business/Construction and Maintenance/Residential Housing; dmoz/Society/Issues/Housing; news/Environment; iptc/disaster, accident and emergency incident; iptc/environment; iptc/politics and government/government policy/interior policy",-0.05882352941176472,,regulation
Council trials 'innovative' new way to prevent potholes in Weston-super-Mare,2026-08-14,Sustainability,Weston Mercury,thewestonmercury.co.uk,https://www.thewestonmercury.co.uk/news/26460888.weston-super-mare-road-used-trial-new-pothole-treatment/,"North Somerset Council has tested a new road treatment in Weston-super-Mare that it hopes could help prevent potholes from forming in the future.

The authority's highways team recently carried out a trial on a section of Walliscote Grove Road, outside Weston-super-Mare Library.

The treatment is ...",Pothole; Weston-super-Mare; North Somerset Council; Road surface; Councillor; Greenhouse gas emissions; Noise pollution; Asphalt,"dmoz/Business/Environment; dmoz/Recreation/Roads and Highways; dmoz/Science/Environment/Carbon Cycle; dmoz/Recreation/Outdoors/Offroad Vehicles; dmoz/Science/Technology/Transportation; iptc/politics and government; iptc/economy, business and finance/products and services; iptc/environment",0.1764705882352942,,unclassified
Brussels has a one-legged plan to fight greenwashing,2026-08-14,Sustainability,POLITICO,politico.eu,https://www.politico.eu/article/eu-plan-fight-greenwashing/,"The proposed law was shelved in June 2025 due to a major disagreement between the Commission and EU governments over excessive reporting obligations for businesses.

It leaves the EU with a system that tells companies what they cannot say about their products but with no explanation of what counts ...",European Union; Greenwashing; Brussels; European single market; Anna Cavazzini; Committees of the European Parliament; The Greens; Methodology,"dmoz/Society/Law/Legal Information; dmoz/Science/Environment/Products and Services; dmoz/Society/Government/Multilateral; dmoz/Society/Issues/Business; dmoz/Science/Environment/Sustainability; news/Politics; iptc/politics and government; iptc/environment; iptc/economy, business and finance/economy/economic trends and indicators",-0.1137254901960785,Public/Gov,regulation
Oat growers to get whole-farm measurement as brands demand data following extreme weather,2026-08-14,Sustainability,farming.co.uk,farming.co.uk,https://farming.co.uk/news/oat-growers-to-get-whole-farm-measurement-as-brands-demand-data-following-extreme-weather,"A group of oat growers supplying grain trader Robin Appel Ltd will have their farms measured across six environmental areas and receive tailored, independent advice, under a new partnership with Soil Association Exchange aimed at building resilience and developing best practice.

Each of the 15 ...",Extreme weather; Oat; Soil; Grain trade; Biodiversity; Soil Association; Hedge; Best practice,"dmoz/Business/Agriculture and Forestry; dmoz/Science/Environment/Climate Change; dmoz/Science/Agriculture/Soils; dmoz/Business/Management/Supply Chain; dmoz/Science/Agriculture/Products and Services; news/Environment; iptc/environment; iptc/economy, business and finance/products and services/agriculture; iptc/science and technology/natural science",0.1372549019607843,,unclassified
"Iran war a boon for China's e-trucks, fuelling export surge",2026-08-13,Sustainability,Market Screener,marketscreener.com,https://www.marketscreener.com/news/iran-war-a-boon-for-china-s-e-trucks-fuelling-export-surge-ce7859dedb8cf427,"BEIJING, Aug 14 (Reuters) - China's exports of electric trucks to other Asian countries have spiked, adding to a surge in domestic sales as higher fuel costs as a result of the Iran war accelerate regional electrification.

China's rapid adoption of e-trucks -- from lighter vehicles to ...",Southeast Asia; Truck; Iran; China; Yue Chinese; Diesel engine; Asia; Strait of Hormuz,"dmoz/Business/Energy; dmoz/Science/Technology/Energy; dmoz/Business/International Business and Trade; dmoz/Business/Automotive/Parts and Accessories; dmoz/Business/Transportation and Logistics/Trucking; news/Business; iptc/economy, business and finance; iptc/environment",-0.2784313725490196,Automotive,unclassified
Ancient forest collapse offers warning as trees are being pushed beyond their limits,2026-08-13,Sustainability,The Independent,independent.co.uk,https://www.independent.co.uk/climate-change/ancient-forest-collapse-global-warning-b3032836.html,"Fifty-six million years ago, Earth's forests reached a tipping point. They had grown dense, lush canopies at the start of one of Earth's most intense episodes of greenhouse warming. But those canopies began to thin.

As global temperatures rose by as much as 11 degrees Fahrenheit (6 degrees ...",Paleocene–Eocene Thermal Maximum; Canopy (biology); Sunlight; Forest; Earth; Wyoming; Leaf area index; Forest floor,dmoz/Science/Earth Sciences; dmoz/Science/Agriculture/Forestry; dmoz/Science/Environment/Climate Change; dmoz/Science/Environment/Carbon Cycle; dmoz/Science/Environment/Forests and Rainforests; news/Science; iptc/environment; iptc/science and technology/natural science,-0.02745098039215688,,unclassified
"Ancient forests took 100,000 years to recover from the last global warming period similar to today - Wyoming fossils reveal what happened",2026-08-13,Sustainability,The Conversation,theconversation.com,https://theconversation.com/ancient-forests-took-100-000-years-to-recover-from-the-last-global-warming-period-similar-to-today-wyoming-fossils-reveal-what-happened-289462,"Fifty-six million years ago, Earth's forests reached a tipping point. They had grown dense, lush canopies at the start of one of Earth's most intense episodes of greenhouse warming. But those canopies began to thin.

As global temperatures rose by as much as 11 degrees Fahrenheit (6 degrees ...",Paleocene–Eocene Thermal Maximum; Canopy (biology); Density; Fossil; Sunlight; Forest; Earth; Wyoming,dmoz/Science/Agriculture/Forestry; dmoz/Science/Environment/Climate Change; dmoz/Science/Environment/Carbon Cycle; dmoz/Science/Earth Sciences/Paleontology; dmoz/Science/Environment/Forests and Rainforests; news/Science; iptc/environment; iptc/science and technology/natural science,0.05098039215686279,,unclassified
Study reveals weaknesses in farm sustainability monitoring,2026-08-13,Sustainability,ETH Zurich,ethz.ch,https://ethz.ch/en/news-and-events/eth-news/news/2026/08/study-reveals-weaknesses-in-farm-sustainability-monitoring.html,"For the study, the researchers analysed monitoring data from 407 cocoa farms involved in a tree planting programme carried out throughout Côte d'Ivoire. All the farms were participating in a sustainability programme run by an international cocoa buyer and exporter. As part of the programme, ...",Cocoa bean; Sustainability; Audit; Deforestation; European Union; Theobroma cacao; Smallholding; Ivory Coast,"dmoz/Society/Issues; dmoz/Science/Agriculture; dmoz/Science/Environment/Sustainability; dmoz/Business/Management/Supply Chain; dmoz/Science/Environment/Forests and Rainforests; news/Business; iptc/environment; iptc/economy, business and finance/products and services/agriculture; iptc/science and technology/natural science",0.1058823529411765,,trend
Green Party calls for fire service support and climate action after A31 blaze,2026-08-13,Sustainability,Hampshire Chronicle,hampshirechronicle.co.uk,https://www.hampshirechronicle.co.uk/news/26461920.new-forest-wildfire-sparks-test-valley-greens-climate-plea/,"A recent wildfire has sparked renewed calls for action on climate change and emergency service funding.

The fire broke out in the New Forest, triggered by a vehicle fire on the A31 near Ringwood that quickly spread in the summer heat.

It required a major emergency response, with fire crews from ...","Test Valley; Green Party of England and Wales; New Forest; Wildfire; Climate change; Ringwood, Hampshire; A31 road; Dorset","dmoz/Science/Technology/Energy; dmoz/Shopping/Entertainment/Party Supplies; dmoz/Society/Issues/Environment; dmoz/Science/Environment/Climate Change; dmoz/Society/Politics/Green; news/Environment; iptc/science and technology; iptc/environment; iptc/disaster, accident and emergency incident/disaster/fire",-0.207843137254902,Automotive,unclassified
TAMS 3: Payments to women farmers total €17.7m,2026-08-13,Sustainability,Agriland.ie,agriland.ie,https://www.agriland.ie/farming-news/tams-3-payments-to-women-farmers-total-e17-7m/,"Payments to women farmers under the Targeted Agriculture Modernisation Scheme (TAMS 3) total €17.7 million to date.

This is just under 10% (approximately 9.7%) of the total amount of over €182 million that has been issued to farmers under TAMS 3 as of August 7, figures from the Department of ...","Euro; Agriculture; Department of Agriculture, Food and the Marine; Ireland; Universal basic income; Single Payment Scheme; Contemporary Christian music; Leasehold estate","dmoz/Science/Agriculture/Sustainable Agriculture; dmoz/Recreation/Picture Ratings; dmoz/Business/Investing/Money Managers; dmoz/Business/Agriculture and Forestry/Cooperatives; dmoz/Business/Financial Services/Investment Services; news/Business; iptc/economy, business and finance/products and services/financial and business service; iptc/environment; iptc/economy, business and finance/products and services/agriculture",0.192156862745098,,market move
European drought shrivels crops despite farmers' best efforts to adapt,2026-08-13,Sustainability,France 24,france24.com,https://www.france24.com/en/europe/20260813-european-drought-shrivels-crops-despite-farmers-best-efforts-to-adapt,"The drought roasting much of Europe this summer is taking a heavy toll on crops across the continent, from potatoes in the Netherlands to corn in Bosnia. Triodos, a Dutch bank with a focus on sustainability, has warned that this could reduce gross domestic product across the EU by 1 percent for 2026 ...",Harvest; Heat wave; Sustainability; Potato; Drought; Gross domestic product; Maize; Europe,"dmoz/Society/Issues; dmoz/Science/Environment; dmoz/Science/Earth Sciences; dmoz/Science/Agriculture; dmoz/Business/Agriculture and Forestry; news/Business; iptc/environment; iptc/economy, business and finance/products and services/agriculture; iptc/disaster, accident and emergency incident/disaster/natural disaster/drought",-0.2470588235294118,Finance/Banking/Insurance,unclassified
UK Climate Movement: Lessons from India's Student Protests,2026-08-13,Sustainability,edie.net,edie.net,https://www.edie.net/what-can-the-climate-movement-learn-from-the-student-protests-in-india/,"I went to two solidarity protests in London organised by the Students' Federation of India-UK last month.

The protests began around NEET, India's highly competitive medical entrance exam, after the examination paper was leaked, affecting hundreds of thousands of students.

For many, it was the ...",Climate movement; Climate change; London; India; Independent politician; Climate communication; Greta Thunberg; Oil spill,"dmoz/Society/Issues; dmoz/Society/Politics; dmoz/Society/Activism; dmoz/Science/Environment/Climate Change; dmoz/Science/Earth Sciences/Paleogeography and Paleoclimatology; iptc/environment; iptc/science and technology/natural science/meteorology; iptc/conflict, war and peace/civil unrest/demonstration",-0.3098039215686275,Manufacturing; Healthcare,unclassified
Hottest day of the year declared as temperatures hit 38.1C,2026-08-13,Sustainability,WalesOnline,walesonline.co.uk,https://www.walesonline.co.uk/news/uk-news/hottest-day-year-declared-temperatures-34455654,"The UK has recorded its hottest day of the year so far, as temperatures provisionally reached 38.1C at Kew Gardens in London, the Met Office said

The UK has recorded its hottest day of the year so far, with temperatures provisionally hitting 38.1C at Kew Gardens in London, according to the Met ...",Kew Gardens; Met Office; Heat wave; London; United Kingdom; Amber; England; Drought,dmoz/Arts/Music/Collecting; dmoz/Science/Earth Sciences; dmoz/Society/Issues/Environment; dmoz/Science/Environment/Climate Change; dmoz/Science/Environment/Carbon Cycle; news/Environment; iptc/environment; iptc/weather; iptc/science and technology/natural science/meteorology,-0.05098039215686279,,unclassified
UK records hottest day of 2026 as temperatures hit 38.1C,2026-08-13,Sustainability,huddersfieldexaminer,examinerlive.co.uk,https://www.examinerlive.co.uk/news/uk-world-news/uk-records-hottest-day-2026-34455524,"The UK has recorded its hottest day of the year so far, as temperatures provisionally reached 38.1C at Kew Gardens in London

The UK has experienced its hottest day of the year so far, with temperatures provisionally hitting 38.1C at Kew Gardens in London, according to the Met Office.

This marks ...",Kew Gardens; Heat wave; London; United Kingdom; Met Office; Amber; England; Drought,dmoz/Arts/Music/Collecting; dmoz/Society/Issues/Environment; dmoz/Science/Earth Sciences/Atmospheric Sciences; dmoz/Science/Environment/Climate Change; dmoz/Science/Environment/Carbon Cycle; news/Environment; iptc/environment; iptc/weather; iptc/science and technology/natural science/meteorology,0.01960784313725483,,unclassified
Aito members' clients flock to book wildlife and birding holidays,2026-08-13,Sustainability,Travel Weekly UK,travelweekly.co.uk,https://travelweekly.co.uk/news/aito-members-clients-flocking-to-book-wildlife-and-birding-holidays,"Aito, The Specialist Travel Association, said its operators and agents are seeing a ""marked improvement"" in enquiries and sales - especially for birding and wildlife holidays.

The association said the market had softened during the spring amid international uncertainty and rising travel costs but ...",Birdwatching; Odyssey; Wildlife; Southern Africa; Middle East; Chief executive officer; Tasmania; Borneo,"dmoz/Recreation/Travel/Travelogues; dmoz/Recreation/Travel/Publications; dmoz/Business/Hospitality/Travel; dmoz/Recreation/Travel/Image Galleries; dmoz/Recreation/Birding; news/Business; iptc/environment; iptc/economy, business and finance/products and services/tourism and leisure industry/casinos and gambling",0.2156862745098038,,unclassified
UK has hottest day of year so far as temperatures hit 38.1C,2026-08-13,Sustainability,"Rhyl, Prestatyn and Abergele Journal",rhyljournal.co.uk,https://www.rhyljournal.co.uk/news/national/26462841.uk-hottest-day-year-far-temperatures-hit-38-1c/,"The UK has recorded its hottest day of the year so far, as temperatures provisionally reached 38.1C at Kew Gardens in London, the Met Office said.

It is the second time this year the country has seen temperatures reach 38C, and the new high surpasses the previous hottest day of 2026 when 38C was ...",Heat wave; United Kingdom; Met Office; Amber; England; London; Kew Gardens; Drought,dmoz/Arts/Music/Collecting; dmoz/Science/Earth Sciences; dmoz/Society/Issues/Environment; dmoz/Science/Environment/Climate Change; dmoz/Science/Environment/Carbon Cycle; news/Environment; iptc/environment; iptc/weather; iptc/science and technology/natural science/meteorology,-0.01960784313725494,,unclassified
Recycling centre in Gloucestershire now closed for three months,2026-08-13,Sustainability,Stroud News and Journal,stroudnewsandjournal.co.uk,https://www.stroudnewsandjournal.co.uk/news/26462430.hempsted-recycling-centre-gloucester-closed-months/,"A RECYCLING centre is set to close for up to three months as part of major upgrade plans.

Hempsted Household Recycling Centre (HRC) in Gloucester will shut temporarily from today Thursday, August 13 for essential improvements and is expected to reopen in mid-November.

The closure will allow for ...",Hempsted; Recycling; Gloucester; Compactor; Gloucestershire County Council; Sustainability; Executive arrangements; Waste minimisation,"dmoz/Business/Environment/Waste Management; dmoz/Science/Environment/Products and Services; dmoz/Society/Issues/Environment; dmoz/Science/Environment/Sustainability; dmoz/Science/Environment/Pollution Prevention and Recycling; news/Environment; iptc/economy, business and finance; iptc/environment",0.2313725490196079,,unclassified
